date,symbol,name,close,volume
2024-01-02,000333,美的集团,28.25,5430030
2024-01-03,000333,美的集团,29.3,9209681
2024-01-04,000333,美的集团,29.18,4970861
2024-01-05,000333,美的集团,29.1,19225109
2024-01-08,000333,美的集团,28.57,10538264
2024-01-09,000333,美的集团,28.76,2271310
2024-01-10,000333,美的集团,28.13,4384698
2024-01-11,000333,美的集团,27.59,10247117
2024-01-12,000333,美的集团,28.25,4928240
2024-01-15,000333,美的集团,27.81,4932604
2024-01-16,000333,美的集团,28.37,2433868
2024-01-17,000333,美的集团,29.17,6853524
2024-01-18,000333,美的集团,29.33,15740074
2024-01-19,000333,美的集团,29.64,16263930
2024-01-22,000333,美的集团,30.7,11160557
2024-01-23,000333,美的集团,30.62,5313209
2024-01-24,000333,美的集团,30.31,10097183
2024-01-25,000333,美的集团,29.6,13108318
2024-01-26,000333,美的集团,29.64,4648600
2024-01-29,000333,美的集团,30.45,9313620
2024-01-30,000333,美的集团,31.0,16813902
2024-01-31,000333,美的集团,30.5,9516720
2024-02-01,000333,美的集团,30.05,10470695
2024-02-02,000333,美的集团,29.8,16703217
2024-02-05,000333,美的集团,29.98,14083534
2024-02-06,000333,美的集团,29.89,4896469
2024-02-07,000333,美的集团,30.03,12975055
2024-02-08,000333,美的集团,30.21,18628584
2024-02-09,000333,美的集团,30.07,5814233
2024-02-12,000333,美的集团,30.07,18082835
2024-02-13,000333,美的集团,30.2,12556368
2024-02-14,000333,美的集团,30.18,14029795
2024-02-15,000333,美的集团,30.47,7961070
2024-02-16,000333,美的集团,31.52,2890051
2024-02-19,000333,美的集团,31.88,2480460
2024-02-20,000333,美的集团,31.94,13939553
2024-02-21,000333,美的集团,30.99,19690680
2024-02-22,000333,美的集团,31.23,12806258
2024-02-23,000333,美的集团,30.16,8441544
2024-02-26,000333,美的集团,29.41,15899706
2024-02-27,000333,美的集团,29.89,19018149
2024-02-28,000333,美的集团,30.29,5848968
2024-02-29,000333,美的集团,30.23,3868862
2024-03-01,000333,美的集团,29.32,19160408
2024-03-04,000333,美的集团,29.15,2812688
2024-03-05,000333,美的集团,28.81,17951548
2024-03-06,000333,美的集团,29.16,4592202
2024-03-07,000333,美的集团,30.37,4058428
2024-03-08,000333,美的集团,30.51,6978435
2024-03-11,000333,美的集团,30.11,7673633
2024-03-12,000333,美的集团,29.49,7952676
2024-03-13,000333,美的集团,29.48,2583995
2024-03-14,000333,美的集团,29.41,17372464
2024-03-15,000333,美的集团,28.82,16957049
2024-03-18,000333,美的集团,28.91,14244076
2024-03-19,000333,美的集团,28.33,18471705
2024-03-20,000333,美的集团,28.92,18879351
2024-03-21,000333,美的集团,29.49,19816566
2024-03-22,000333,美的集团,30.09,8759575
2024-03-25,000333,美的集团,29.85,13014650
2024-03-26,000333,美的集团,30.15,15736413
2024-03-27,000333,美的集团,30.1,13987740
2024-03-28,000333,美的集团,29.91,16242247
2024-03-29,000333,美的集团,29.75,14211299
2024-04-01,000333,美的集团,29.08,8968423
2024-04-02,000333,美的集团,28.34,12262671
2024-04-03,000333,美的集团,28.77,5583924
2024-04-04,000333,美的集团,28.69,19143612
2024-04-05,000333,美的集团,28.82,18114064
2024-04-08,000333,美的集团,29.36,12941502
2024-04-09,000333,美的集团,28.47,15811963
2024-04-10,000333,美的集团,28.09,8043068
2024-04-11,000333,美的集团,28.2,8868237
2024-04-12,000333,美的集团,28.42,11231790
2024-04-15,000333,美的集团,28.25,6754124
2024-04-16,000333,美的集团,28.79,2335931
2024-04-17,000333,美的集团,28.92,9119339
2024-04-18,000333,美的集团,28.31,15034273
2024-04-19,000333,美的集团,27.86,6691627
2024-04-22,000333,美的集团,28.28,14490579
2024-04-23,000333,美的集团,28.54,12781798
2024-04-24,000333,美的集团,27.58,9578920
2024-04-25,000333,美的集团,28.27,15060006
2024-04-26,000333,美的集团,28.6,17326659
2024-04-29,000333,美的集团,29.31,19128752
2024-04-30,000333,美的集团,29.13,15599469
2024-05-01,000333,美的集团,28.99,3646192
2024-05-02,000333,美的集团,28.43,8060322
2024-05-03,000333,美的集团,29.75,11506651
2024-05-06,000333,美的集团,29.67,3394963
2024-05-07,000333,美的集团,30.54,9527955
2024-05-08,000333,美的集团,30.21,4380014
2024-05-09,000333,美的集团,30.32,11972129
2024-05-10,000333,美的集团,29.43,5316900
2024-05-13,000333,美的集团,29.25,6879000
2024-05-14,000333,美的集团,29.79,7470524
2024-05-15,000333,美的集团,29.14,19518104
2024-05-16,000333,美的集团,29.72,10055283
2024-05-17,000333,美的集团,29.92,12004940
2024-05-20,000333,美的集团,29.38,18703938
2024-05-21,000333,美的集团,29.14,2249702
2024-05-22,000333,美的集团,28.92,7011522
2024-05-23,000333,美的集团,28.92,9642727
2024-05-24,000333,美的集团,28.66,18174541
2024-05-27,000333,美的集团,28.25,15006385
2024-05-28,000333,美的集团,28.12,14248319
2024-05-29,000333,美的集团,27.62,8809965
2024-05-30,000333,美的集团,27.0,17362872
2024-05-31,000333,美的集团,26.99,5348796
2024-06-03,000333,美的集团,27.44,9258561
2024-06-04,000333,美的集团,26.71,8417691
2024-06-05,000333,美的集团,26.73,2058981
2024-06-06,000333,美的集团,26.44,3646089
2024-06-07,000333,美的集团,25.99,16165412
2024-06-10,000333,美的集团,26.41,18992896
2024-06-11,000333,美的集团,26.18,6418565
2024-06-12,000333,美的集团,26.91,3391740
2024-06-13,000333,美的集团,26.55,4564643
2024-06-14,000333,美的集团,26.75,3053360
2024-06-17,000333,美的集团,26.66,16390848
2024-06-18,000333,美的集团,26.32,2872768
2024-06-19,000333,美的集团,26.62,14353915
2024-06-20,000333,美的集团,26.56,16284550
2024-06-21,000333,美的集团,26.87,5823473
2024-06-24,000333,美的集团,26.87,6122188
2024-06-25,000333,美的集团,26.36,6816472
2024-06-26,000333,美的集团,26.33,15665312
2024-06-27,000333,美的集团,26.38,18905956
2024-06-28,000333,美的集团,26.85,15596300
2024-07-01,000333,美的集团,26.43,6833683
2024-07-02,000333,美的集团,26.43,14897506
2024-07-03,000333,美的集团,25.63,14643305
2024-07-04,000333,美的集团,25.95,9616251
2024-07-05,000333,美的集团,25.47,4331958
2024-07-08,000333,美的集团,24.66,7662319
2024-07-09,000333,美的集团,24.65,16670645
2024-07-10,000333,美的集团,25.16,11288927
2024-07-11,000333,美的集团,24.48,4116620
2024-07-12,000333,美的集团,24.02,18458439
2024-07-15,000333,美的集团,23.72,11288740
2024-07-16,000333,美的集团,23.25,8281863
2024-07-17,000333,美的集团,23.43,2633917
2024-07-18,000333,美的集团,23.11,12293052
2024-07-19,000333,美的集团,22.82,11901413
2024-07-22,000333,美的集团,23.08,4719245
2024-07-23,000333,美的集团,22.78,17239189
2024-07-24,000333,美的集团,22.98,11072705
2024-07-25,000333,美的集团,22.59,3519173
2024-07-26,000333,美的集团,22.12,5513623
2024-07-29,000333,美的集团,21.4,6936618
2024-07-30,000333,美的集团,22.13,15497039
2024-07-31,000333,美的集团,22.02,15764475
2024-08-01,000333,美的集团,22.13,16785031
2024-08-02,000333,美的集团,22.14,12945769
2024-08-05,000333,美的集团,22.22,18373265
2024-08-06,000333,美的集团,22.25,7630344
2024-08-07,000333,美的集团,23.04,12493127
2024-08-08,000333,美的集团,22.62,13320269
2024-08-09,000333,美的集团,22.0,8617065
2024-08-12,000333,美的集团,21.62,10184785
2024-08-13,000333,美的集团,21.12,14700535
2024-08-14,000333,美的集团,21.41,17522412
2024-08-15,000333,美的集团,21.75,18592493
2024-08-16,000333,美的集团,21.39,7272918
2024-08-19,000333,美的集团,20.87,14916352
2024-08-20,000333,美的集团,20.75,15639150
2024-08-21,000333,美的集团,21.28,18871681
2024-08-22,000333,美的集团,20.22,13442134
2024-08-23,000333,美的集团,20.42,5622070
2024-08-26,000333,美的集团,20.04,15327715
2024-08-27,000333,美的集团,20.43,5071201
2024-08-28,000333,美的集团,20.05,8808709
2024-08-29,000333,美的集团,19.96,10804289
2024-08-30,000333,美的集团,19.44,15048578
2024-09-02,000333,美的集团,19.11,5021943
2024-09-03,000333,美的集团,19.6,14571669
2024-09-04,000333,美的集团,19.9,4596987
2024-09-05,000333,美的集团,19.77,8974800
2024-09-06,000333,美的集团,19.48,4188791
2024-09-09,000333,美的集团,18.83,2476140
2024-09-10,000333,美的集团,18.71,7864002
2024-09-11,000333,美的集团,18.71,19332439
2024-09-12,000333,美的集团,18.7,12099416
2024-09-13,000333,美的集团,18.68,14844807
2024-09-16,000333,美的集团,18.32,6120898
2024-09-17,000333,美的集团,18.31,5685295
2024-09-18,000333,美的集团,18.31,18302251
2024-09-19,000333,美的集团,18.75,15154529
2024-09-20,000333,美的集团,19.39,10797944
2024-09-23,000333,美的集团,19.36,7016300
2024-09-24,000333,美的集团,19.11,17517209
2024-09-25,000333,美的集团,19.1,10447137
2024-09-26,000333,美的集团,18.9,2949907
2024-09-27,000333,美的集团,18.66,17477986
2024-09-30,000333,美的集团,18.66,9517693
2024-10-01,000333,美的集团,18.32,10065297
2024-10-02,000333,美的集团,18.53,8874143
2024-10-03,000333,美的集团,18.51,7184118
2024-10-04,000333,美的集团,18.61,12815731
2024-10-07,000333,美的集团,18.56,7498840
2024-10-08,000333,美的集团,18.33,11164399
2024-10-09,000333,美的集团,18.03,3386310
2024-10-10,000333,美的集团,17.97,17002451
2024-10-11,000333,美的集团,17.8,5951100
2024-10-14,000333,美的集团,17.89,12892469
2024-10-15,000333,美的集团,17.9,6879912
2024-10-16,000333,美的集团,17.48,5331463
2024-10-17,000333,美的集团,17.51,5113444
2024-10-18,000333,美的集团,17.1,14716150
2024-10-21,000333,美的集团,16.92,3135182
2024-10-22,000333,美的集团,16.85,16337114
2024-10-23,000333,美的集团,16.23,10384204
2024-10-24,000333,美的集团,16.27,10173961
2024-10-25,000333,美的集团,16.32,5859130
2024-10-28,000333,美的集团,16.29,8427164
2024-10-29,000333,美的集团,16.18,15297869
2024-10-30,000333,美的集团,16.08,18030793
2024-10-31,000333,美的集团,15.81,18605499
2024-11-01,000333,美的集团,15.74,13181625
2024-11-04,000333,美的集团,15.6,6913724
2024-01-02,000651,格力电器,44.84,8759573
2024-01-03,000651,格力电器,44.77,19989756
2024-01-04,000651,格力电器,45.65,16236429
2024-01-05,000651,格力电器,45.7,18415636
2024-01-08,000651,格力电器,45.66,6433062
2024-01-09,000651,格力电器,46.16,8550272
2024-01-10,000651,格力电器,47.08,16846408
2024-01-11,000651,格力电器,46.83,7890316
2024-01-12,000651,格力电器,46.66,15579646
2024-01-15,000651,格力电器,46.56,4278140
2024-01-16,000651,格力电器,46.67,3127612
2024-01-17,000651,格力电器,45.95,18481522
2024-01-18,000651,格力电器,46.83,7455066
2024-01-19,000651,格力电器,46.53,5344578
2024-01-22,000651,格力电器,46.96,6586874
2024-01-23,000651,格力电器,46.3,2161615
2024-01-24,000651,格力电器,46.63,15685402
2024-01-25,000651,格力电器,47.0,18021378
2024-01-26,000651,格力电器,46.68,2303365
2024-01-29,000651,格力电器,48.41,12766072
2024-01-30,000651,格力电器,48.78,8564198
2024-01-31,000651,格力电器,50.37,14093275
2024-02-01,000651,格力电器,51.28,14614623
2024-02-02,000651,格力电器,50.71,15196540
2024-02-05,000651,格力电器,50.4,2825720
2024-02-06,000651,格力电器,50.84,2767908
2024-02-07,000651,格力电器,50.94,19013747
2024-02-08,000651,格力电器,51.02,3653389
2024-02-09,000651,格力电器,50.8,11125418
2024-02-12,000651,格力电器,49.18,10997064
2024-02-13,000651,格力电器,49.02,8820837
2024-02-14,000651,格力电器,47.11,2904697
2024-02-15,000651,格力电器,47.46,5011652
2024-02-16,000651,格力电器,46.88,11077788
2024-02-19,000651,格力电器,46.31,3977424
2024-02-20,000651,格力电器,46.16,15254096
2024-02-21,000651,格力电器,46.43,17482710
2024-02-22,000651,格力电器,45.27,13833364
2024-02-23,000651,格力电器,43.88,16935191
2024-02-26,000651,格力电器,43.07,13099657
2024-02-27,000651,格力电器,41.52,14467441
2024-02-28,000651,格力电器,40.83,2835302
2024-02-29,000651,格力电器,42.03,11817554
2024-03-01,000651,格力电器,41.27,6259787
2024-03-04,000651,格力电器,41.78,5336509
2024-03-05,000651,格力电器,40.78,18154904
2024-03-06,000651,格力电器,41.04,16885092
2024-03-07,000651,格力电器,40.83,4217969
2024-03-08,000651,格力电器,40.82,19757155
2024-03-11,000651,格力电器,41.27,11598026
2024-03-12,000651,格力电器,42.61,13180064
2024-03-13,000651,格力电器,42.79,2900871
2024-03-14,000651,格力电器,42.92,17907654
2024-03-15,000651,格力电器,42.2,18905646
2024-03-18,000651,格力电器,42.68,15813601
2024-03-19,000651,格力电器,42.52,5088142
2024-03-20,000651,格力电器,43.19,11471454
2024-03-21,000651,格力电器,43.19,9380394
2024-03-22,000651,格力电器,44.58,9057370
2024-03-25,000651,格力电器,43.03,11842060
2024-03-26,000651,格力电器,42.83,14867863
2024-03-27,000651,格力电器,43.54,14935730
2024-03-28,000651,格力电器,43.3,6352636
2024-03-29,000651,格力电器,42.72,18874142
2024-04-01,000651,格力电器,42.55,9871125
2024-04-02,000651,格力电器,41.53,15254538
2024-04-03,000651,格力电器,41.65,17607139
2024-04-04,000651,格力电器,43.51,8252630
2024-04-05,000651,格力电器,44.44,17436585
2024-04-08,000651,格力电器,43.59,3356112
2024-04-09,000651,格力电器,42.94,7373196
2024-04-10,000651,格力电器,42.66,14733291
2024-04-11,000651,格力电器,43.46,15583976
2024-04-12,000651,格力电器,42.86,19505185
2024-04-15,000651,格力电器,42.36,9591899
2024-04-16,000651,格力电器,43.07,2306288
2024-04-17,000651,格力电器,43.77,9994006
2024-04-18,000651,格力电器,43.51,15944232
2024-04-19,000651,格力电器,42.67,4081605
2024-04-22,000651,格力电器,41.51,5170554
2024-04-23,000651,格力电器,41.02,9438592
2024-04-24,000651,格力电器,39.41,10279166
2024-04-25,000651,格力电器,39.97,9874735
2024-04-26,000651,格力电器,39.55,11407460
2024-04-29,000651,格力电器,39.92,13034604
2024-04-30,000651,格力电器,41.3,13059672
2024-05-01,000651,格力电器,42.2,9400172
2024-05-02,000651,格力电器,41.36,19811662
2024-05-03,000651,格力电器,42.04,10807823
2024-05-06,000651,格力电器,42.95,14373237
2024-05-07,000651,格力电器,42.41,13986818
2024-05-08,000651,格力电器,41.71,9062973
2024-05-09,000651,格力电器,41.66,13534803
2024-05-10,000651,格力电器,40.5,14870374
2024-05-13,000651,格力电器,41.6,10665584
2024-05-14,000651,格力电器,39.83,10401163
2024-05-15,000651,格力电器,39.07,12756207
2024-05-16,000651,格力电器,38.91,9436159
2024-05-17,000651,格力电器,38.78,15636213
2024-05-20,000651,格力电器,38.93,8581757
2024-05-21,000651,格力电器,39.15,3694816
2024-05-22,000651,格力电器,39.03,10881309
2024-05-23,000651,格力电器,39.86,18240592
2024-05-24,000651,格力电器,38.36,7061278
2024-05-27,000651,格力电器,38.39,7594329
2024-05-28,000651,格力电器,37.92,6357806
2024-05-29,000651,格力电器,38.04,18721176
2024-05-30,000651,格力电器,38.22,4672399
2024-05-31,000651,格力电器,37.63,9970489
2024-06-03,000651,格力电器,37.22,9924043
2024-06-04,000651,格力电器,37.78,12153216
2024-06-05,000651,格力电器,38.05,7278703
2024-06-06,000651,格力电器,37.61,15734416
2024-06-07,000651,格力电器,39.03,17064947
2024-06-10,000651,格力电器,40.68,9846099
2024-06-11,000651,格力电器,39.64,17262094
2024-06-12,000651,格力电器,39.89,4181068
2024-06-13,000651,格力电器,41.72,8189780
2024-06-14,000651,格力电器,42.34,17939927
2024-06-17,000651,格力电器,42.54,13144557
2024-06-18,000651,格力电器,42.42,5081521
2024-06-19,000651,格力电器,42.04,18241234
2024-06-20,000651,格力电器,41.91,17795232
2024-06-21,000651,格力电器,41.53,8464914
2024-06-24,000651,格力电器,42.12,5371280
2024-06-25,000651,格力电器,41.85,11984883
2024-06-26,000651,格力电器,41.55,12548411
2024-06-27,000651,格力电器,40.68,9984055
2024-06-28,000651,格力电器,40.68,14823287
2024-07-01,000651,格力电器,40.06,13704774
2024-07-02,000651,格力电器,39.96,16139390
2024-07-03,000651,格力电器,40.74,19275875
2024-07-04,000651,格力电器,41.04,15549737
2024-07-05,000651,格力电器,41.44,4495226
2024-07-08,000651,格力电器,41.74,2137101
2024-07-09,000651,格力电器,41.82,19376935
2024-07-10,000651,格力电器,41.76,16524491
2024-07-11,000651,格力电器,41.56,13983203
2024-07-12,000651,格力电器,42.16,6553129
2024-07-15,000651,格力电器,41.37,16325669
2024-07-16,000651,格力电器,42.4,3963906
2024-07-17,000651,格力电器,42.46,13432192
2024-07-18,000651,格力电器,41.92,8777614
2024-07-19,000651,格力电器,41.59,17665705
2024-07-22,000651,格力电器,41.11,14273319
2024-07-23,000651,格力电器,41.26,7872297
2024-07-24,000651,格力电器,40.76,16227529
2024-07-25,000651,格力电器,41.63,14744857
2024-07-26,000651,格力电器,41.08,6531172
2024-07-29,000651,格力电器,39.43,6754034
2024-07-30,000651,格力电器,38.94,8959971
2024-07-31,000651,格力电器,37.57,11155830
2024-08-01,000651,格力电器,37.57,6981605
2024-08-02,000651,格力电器,38.32,14266828
2024-08-05,000651,格力电器,38.79,11438696
2024-08-06,000651,格力电器,37.89,5620237
2024-08-07,000651,格力电器,37.4,14646082
2024-08-08,000651,格力电器,38.63,3100869
2024-08-09,000651,格力电器,38.88,18726438
2024-08-12,000651,格力电器,38.91,16237066
2024-08-13,000651,格力电器,39.68,3630621
2024-08-14,000651,格力电器,41.47,16561033
2024-08-15,000651,格力电器,42.47,7983855
2024-08-16,000651,格力电器,42.61,13981967
2024-08-19,000651,格力电器,42.91,6247814
2024-08-20,000651,格力电器,43.42,7785769
2024-08-21,000651,格力电器,42.98,2265803
2024-08-22,000651,格力电器,42.19,13847114
2024-08-23,000651,格力电器,42.27,12611564
2024-08-26,000651,格力电器,41.58,3509846
2024-08-27,000651,格力电器,41.57,6967400
2024-08-28,000651,格力电器,41.67,13925173
2024-08-29,000651,格力电器,43.46,16367120
2024-08-30,000651,格力电器,42.83,12371573
2024-09-02,000651,格力电器,42.77,4958869
2024-09-03,000651,格力电器,42.67,13109677
2024-09-04,000651,格力电器,43.04,6021442
2024-09-05,000651,格力电器,43.89,10045716
2024-09-06,000651,格力电器,43.54,10625016
2024-09-09,000651,格力电器,42.93,6052849
2024-09-10,000651,格力电器,41.69,16650115
2024-09-11,000651,格力电器,41.03,15065789
2024-09-12,000651,格力电器,41.46,3972856
2024-09-13,000651,格力电器,41.53,10354345
2024-09-16,000651,格力电器,40.8,4059741
2024-09-17,000651,格力电器,40.56,15416838
2024-09-18,000651,格力电器,40.61,8930966
2024-09-19,000651,格力电器,41.01,8555241
2024-09-20,000651,格力电器,40.61,6433453
2024-09-23,000651,格力电器,40.46,3580206
2024-09-24,000651,格力电器,39.17,4417419
2024-09-25,000651,格力电器,38.38,11764236
2024-09-26,000651,格力电器,39.53,15059867
2024-09-27,000651,格力电器,38.01,13209704
2024-09-30,000651,格力电器,37.81,6067686
2024-10-01,000651,格力电器,37.98,18591987
2024-10-02,000651,格力电器,37.76,13720821
2024-10-03,000651,格力电器,37.24,17979585
2024-10-04,000651,格力电器,37.23,2085027
2024-10-07,000651,格力电器,37.25,3028684
2024-10-08,000651,格力电器,37.23,3076763
2024-10-09,000651,格力电器,36.0,15893126
2024-10-10,000651,格力电器,35.93,8600056
2024-10-11,000651,格力电器,35.41,6704530
2024-10-14,000651,格力电器,35.09,12718202
2024-10-15,000651,格力电器,35.26,14549570
2024-10-16,000651,格力电器,35.69,10060474
2024-10-17,000651,格力电器,36.3,8830675
2024-10-18,000651,格力电器,36.0,8982730
2024-10-21,000651,格力电器,36.63,7797410
2024-10-22,000651,格力电器,37.43,8837948
2024-10-23,000651,格力电器,38.23,10789107
2024-10-24,000651,格力电器,39.21,7870714
2024-10-25,000651,格力电器,39.14,11549560
2024-10-28,000651,格力电器,39.05,13654210
2024-10-29,000651,格力电器,39.66,14500698
2024-10-30,000651,格力电器,38.72,2165510
2024-10-31,000651,格力电器,38.89,13481902
2024-11-01,000651,格力电器,38.55,7706175
2024-11-04,000651,格力电器,38.33,14208599
2024-01-02,002415,海康威视,60.26,6184025
2024-01-03,002415,海康威视,59.18,11343115
2024-01-04,002415,海康威视,58.33,3289503
2024-01-05,002415,海康威视,57.83,14370069
2024-01-08,002415,海康威视,60.15,14205539
2024-01-09,002415,海康威视,59.76,3562210
2024-01-10,002415,海康威视,59.24,6840032
2024-01-11,002415,海康威视,58.69,19316136
2024-01-12,002415,海康威视,58.56,5247238
2024-01-15,002415,海康威视,59.3,10977639
2024-01-16,002415,海康威视,59.56,14240519
2024-01-17,002415,海康威视,61.81,6416069
2024-01-18,002415,海康威视,62.1,8091516
2024-01-19,002415,海康威视,63.77,15687754
2024-01-22,002415,海康威视,64.15,9647512
2024-01-23,002415,海康威视,64.9,16680456
2024-01-24,002415,海康威视,63.27,3069771
2024-01-25,002415,海康威视,63.18,13351155
2024-01-26,002415,海康威视,63.15,8135030
2024-01-29,002415,海康威视,62.93,18490929
2024-01-30,002415,海康威视,60.55,9908290
2024-01-31,002415,海康威视,61.56,3600392
2024-02-01,002415,海康威视,61.18,17058395
2024-02-02,002415,海康威视,60.75,11496772
2024-02-05,002415,海康威视,60.52,3079204
2024-02-06,002415,海康威视,60.32,15372021
2024-02-07,002415,海康威视,60.82,12508014
2024-02-08,002415,海康威视,59.48,18502726
2024-02-09,002415,海康威视,58.53,14643300
2024-02-12,002415,海康威视,58.89,13546042
2024-02-13,002415,海康威视,59.09,5986381
2024-02-14,002415,海康威视,58.74,12841613
2024-02-15,002415,海康威视,58.19,5060847
2024-02-16,002415,海康威视,57.36,8988104
2024-02-19,002415,海康威视,57.35,9785318
2024-02-20,002415,海康威视,58.62,12288980
2024-02-21,002415,海康威视,57.55,5770915
2024-02-22,002415,海康威视,59.18,11986344
2024-02-23,002415,海康威视,60.13,7844724
2024-02-26,002415,海康威视,59.69,18290449
2024-02-27,002415,海康威视,60.58,19833780
2024-02-28,002415,海康威视,59.03,16887821
2024-02-29,002415,海康威视,57.24,6231745
2024-03-01,002415,海康威视,55.96,15269518
2024-03-04,002415,海康威视,55.6,19677196
2024-03-05,002415,海康威视,55.32,18628127
2024-03-06,002415,海康威视,54.85,17711636
2024-03-07,002415,海康威视,55.0,3190925
2024-03-08,002415,海康威视,52.93,4705783
2024-03-11,002415,海康威视,53.45,15853116
2024-03-12,002415,海康威视,52.13,7520779
2024-03-13,002415,海康威视,51.55,10345099
2024-03-14,002415,海康威视,51.21,10697654
2024-03-15,002415,海康威视,50.19,15532486
2024-03-18,002415,海康威视,48.99,15347853
2024-03-19,002415,海康威视,48.15,7331195
2024-03-20,002415,海康威视,48.18,16242422
2024-03-21,002415,海康威视,48.73,10412089
2024-03-22,002415,海康威视,49.27,12507787
2024-03-25,002415,海康威视,48.43,7124968
2024-03-26,002415,海康威视,47.78,2633243
2024-03-27,002415,海康威视,47.03,13796030
2024-03-28,002415,海康威视,47.45,7240277
2024-03-29,002415,海康威视,45.75,6678808
2024-04-01,002415,海康威视,46.81,10792312
2024-04-02,002415,海康威视,46.44,17787714
2024-04-03,002415,海康威视,45.82,17327038
2024-04-04,002415,海康威视,46.14,15144914
2024-04-05,002415,海康威视,47.04,6860597
2024-04-08,002415,海康威视,47.37,19008370
2024-04-09,002415,海康威视,48.31,16815339
2024-04-10,002415,海康威视,48.47,2670514
2024-04-11,002415,海康威视,49.58,6401799
2024-04-12,002415,海康威视,50.73,4185235
2024-04-15,002415,海康威视,50.68,7456717
2024-04-16,002415,海康威视,52.04,14186997
2024-04-17,002415,海康威视,52.24,11968725
2024-04-18,002415,海康威视,52.37,4620302
2024-04-19,002415,海康威视,51.54,13770293
2024-04-22,002415,海康威视,51.32,12706598
2024-04-23,002415,海康威视,52.08,17841259
2024-04-24,002415,海康威视,50.89,7599761
2024-04-25,002415,海康威视,51.53,17830407
2024-04-26,002415,海康威视,51.9,13822232
2024-04-29,002415,海康威视,52.2,6502911
2024-04-30,002415,海康威视,50.17,7819820
2024-05-01,002415,海康威视,50.12,15420839
2024-05-02,002415,海康威视,50.75,14456951
2024-05-03,002415,海康威视,50.1,13429874
2024-05-06,002415,海康威视,50.22,9257739
2024-05-07,002415,海康威视,48.11,8950583
2024-05-08,002415,海康威视,48.74,12060873
2024-05-09,002415,海康威视,48.2,15968753
2024-05-10,002415,海康威视,48.99,6559108
2024-05-13,002415,海康威视,47.41,18155348
2024-05-14,002415,海康威视,48.04,5587728
2024-05-15,002415,海康威视,47.88,10625502
2024-05-16,002415,海康威视,48.61,7569359
2024-05-17,002415,海康威视,47.84,18489896
2024-05-20,002415,海康威视,47.35,5160485
2024-05-21,002415,海康威视,49.3,4297173
2024-05-22,002415,海康威视,48.61,14303987
2024-05-23,002415,海康威视,48.03,4991432
2024-05-24,002415,海康威视,47.83,19797968
2024-05-27,002415,海康威视,46.99,15755619
2024-05-28,002415,海康威视,48.04,17874329
2024-05-29,002415,海康威视,49.57,7499930
2024-05-30,002415,海康威视,48.99,15438831
2024-05-31,002415,海康威视,47.51,12536585
2024-06-03,002415,海康威视,48.55,9625625
2024-06-04,002415,海康威视,49.56,10947279
2024-06-05,002415,海康威视,50.34,2301395
2024-06-06,002415,海康威视,51.43,4624137
2024-06-07,002415,海康威视,50.67,4238150
2024-06-10,002415,海康威视,50.56,15576205
2024-06-11,002415,海康威视,49.34,6844883
2024-06-12,002415,海康威视,48.12,15345785
2024-06-13,002415,海康威视,49.01,14797201
2024-06-14,002415,海康威视,48.46,4613661
2024-06-17,002415,海康威视,50.49,7851403
2024-06-18,002415,海康威视,50.6,6675889
2024-06-19,002415,海康威视,50.06,4059440
2024-06-20,002415,海康威视,50.82,16410524
2024-06-21,002415,海康威视,52.51,8700881
2024-06-24,002415,海康威视,53.02,18420156
2024-06-25,002415,海康威视,51.9,17198064
2024-06-26,002415,海康威视,52.29,17661622
2024-06-27,002415,海康威视,53.63,15322276
2024-06-28,002415,海康威视,53.2,11033514
2024-07-01,002415,海康威视,52.51,9655643
2024-07-02,002415,海康威视,53.51,8613117
2024-07-03,002415,海康威视,53.69,13293959
2024-07-04,002415,海康威视,52.67,10014534
2024-07-05,002415,海康威视,52.36,17452466
2024-07-08,002415,海康威视,51.69,5174992
2024-07-09,002415,海康威视,52.01,8578215
2024-07-10,002415,海康威视,52.15,10927799
2024-07-11,002415,海康威视,53.28,7064938
2024-07-12,002415,海康威视,54.0,6155975
2024-07-15,002415,海康威视,52.53,12105981
2024-07-16,002415,海康威视,52.96,4915093
2024-07-17,002415,海康威视,53.86,16071754
2024-07-18,002415,海康威视,54.35,8851211
2024-07-19,002415,海康威视,55.4,15501813
2024-07-22,002415,海康威视,54.9,3150836
2024-07-23,002415,海康威视,54.01,16188875
2024-07-24,002415,海康威视,54.96,10466374
2024-07-25,002415,海康威视,53.95,17323903
2024-07-26,002415,海康威视,51.9,14530459
2024-07-29,002415,海康威视,52.9,16469860
2024-07-30,002415,海康威视,52.26,13725317
2024-07-31,002415,海康威视,52.01,3966522
2024-08-01,002415,海康威视,50.75,19554657
2024-08-02,002415,海康威视,49.58,9058272
2024-08-05,002415,海康威视,48.59,17944302
2024-08-06,002415,海康威视,48.32,11162794
2024-08-07,002415,海康威视,48.68,13407531
2024-08-08,002415,海康威视,46.71,5271245
2024-08-09,002415,海康威视,47.38,18157207
2024-08-12,002415,海康威视,46.41,16240372
2024-08-13,002415,海康威视,45.56,10000040
2024-08-14,002415,海康威视,46.16,9544752
2024-08-15,002415,海康威视,46.13,16379734
2024-08-16,002415,海康威视,44.9,4974024
2024-08-19,002415,海康威视,46.42,7120632
2024-08-20,002415,海康威视,45.74,4533879
2024-08-21,002415,海康威视,45.99,11480651
2024-08-22,002415,海康威视,46.19,8705083
2024-08-23,002415,海康威视,47.4,19637623
2024-08-26,002415,海康威视,47.06,18084705
2024-08-27,002415,海康威视,47.95,12778394
2024-08-28,002415,海康威视,47.35,15775831
2024-08-29,002415,海康威视,48.35,11122243
2024-08-30,002415,海康威视,47.72,9658448
2024-09-02,002415,海康威视,47.45,16171536
2024-09-03,002415,海康威视,49.11,8498155
2024-09-04,002415,海康威视,49.44,7622431
2024-09-05,002415,海康威视,49.58,4546121
2024-09-06,002415,海康威视,51.62,16958792
2024-09-09,002415,海康威视,52.0,16265737
2024-09-10,002415,海康威视,51.28,2333823
2024-09-11,002415,海康威视,52.0,17173285
2024-09-12,002415,海康威视,50.94,6288614
2024-09-13,002415,海康威视,52.02,17980464
2024-09-16,002415,海康威视,53.19,5190449
2024-09-17,002415,海康威视,52.69,4855016
2024-09-18,002415,海康威视,52.13,6632307
2024-09-19,002415,海康威视,52.34,18811694
2024-09-20,002415,海康威视,52.4,19019566
2024-09-23,002415,海康威视,51.52,13892001
2024-09-24,002415,海康威视,52.1,2430110
2024-09-25,002415,海康威视,50.23,13111253
2024-09-26,002415,海康威视,49.88,7377411
2024-09-27,002415,海康威视,49.56,15142203
2024-09-30,002415,海康威视,49.35,12339033
2024-10-01,002415,海康威视,49.67,17751995
2024-10-02,002415,海康威视,48.61,14655610
2024-10-03,002415,海康威视,49.17,7662060
2024-10-04,002415,海康威视,49.05,15928110
2024-10-07,002415,海康威视,48.52,6323147
2024-10-08,002415,海康威视,47.37,8899153
2024-10-09,002415,海康威视,46.4,6242735
2024-10-10,002415,海康威视,46.74,5963129
2024-10-11,002415,海康威视,45.97,9247676
2024-10-14,002415,海康威视,46.06,17342346
2024-10-15,002415,海康威视,46.98,10007571
2024-10-16,002415,海康威视,47.89,4197659
2024-10-17,002415,海康威视,49.28,15514395
2024-10-18,002415,海康威视,49.06,3170394
2024-10-21,002415,海康威视,48.14,12116956
2024-10-22,002415,海康威视,49.07,6168435
2024-10-23,002415,海康威视,49.38,18279472
2024-10-24,002415,海康威视,50.42,10866563
2024-10-25,002415,海康威视,50.48,9444114
2024-10-28,002415,海康威视,51.61,18958856
2024-10-29,002415,海康威视,52.44,10241234
2024-10-30,002415,海康威视,53.16,15119336
2024-10-31,002415,海康威视,53.68,9852496
2024-11-01,002415,海康威视,54.11,12151502
2024-11-04,002415,海康威视,54.39,10954541
2024-01-02,002594,比亚迪,84.51,19410372
2024-01-03,002594,比亚迪,86.23,18123488
2024-01-04,002594,比亚迪,84.44,3724035
2024-01-05,002594,比亚迪,82.23,4471510
2024-01-08,002594,比亚迪,82.66,16706320
2024-01-09,002594,比亚迪,83.42,4339117
2024-01-10,002594,比亚迪,86.68,14076209
2024-01-11,002594,比亚迪,87.72,3190925
2024-01-12,002594,比亚迪,86.42,9835366
2024-01-15,002594,比亚迪,87.76,2673777
2024-01-16,002594,比亚迪,86.5,14785949
2024-01-17,002594,比亚迪,84.27,12126504
2024-01-18,002594,比亚迪,88.31,9160660
2024-01-19,002594,比亚迪,88.91,14496855
2024-01-22,002594,比亚迪,90.14,4577110
2024-01-23,002594,比亚迪,91.14,13440644
2024-01-24,002594,比亚迪,94.2,9504918
2024-01-25,002594,比亚迪,94.77,9554060
2024-01-26,002594,比亚迪,96.93,2924601
2024-01-29,002594,比亚迪,95.23,17167816
2024-01-30,002594,比亚迪,92.93,3568067
2024-01-31,002594,比亚迪,95.41,7572260
2024-02-01,002594,比亚迪,98.03,9902327
2024-02-02,002594,比亚迪,99.02,14983328
2024-02-05,002594,比亚迪,99.52,16851340
2024-02-06,002594,比亚迪,99.91,3799766
2024-02-07,002594,比亚迪,98.77,5666088
2024-02-08,002594,比亚迪,101.6,8745908
2024-02-09,002594,比亚迪,102.9,11014701
2024-02-12,002594,比亚迪,103.93,4370260
2024-02-13,002594,比亚迪,104.73,19621071
2024-02-14,002594,比亚迪,106.8,7126038
2024-02-15,002594,比亚迪,107.88,16894127
2024-02-16,002594,比亚迪,109.42,15903840
2024-02-19,002594,比亚迪,107.23,18234649
2024-02-20,002594,比亚迪,108.31,18235505
2024-02-21,002594,比亚迪,112.68,14149424
2024-02-22,002594,比亚迪,111.73,12603296
2024-02-23,002594,比亚迪,111.58,5263595
2024-02-26,002594,比亚迪,113.47,12473194
2024-02-27,002594,比亚迪,115.53,5778588
2024-02-28,002594,比亚迪,116.94,12822246
2024-02-29,002594,比亚迪,113.65,15313522
2024-03-01,002594,比亚迪,114.78,10369543
2024-03-04,002594,比亚迪,112.44,15959638
2024-03-05,002594,比亚迪,110.88,8491263
2024-03-06,002594,比亚迪,112.08,11563858
2024-03-07,002594,比亚迪,111.59,6296399
2024-03-08,002594,比亚迪,113.32,8518657
2024-03-11,002594,比亚迪,119.84,3175501
2024-03-12,002594,比亚迪,121.63,18862972
2024-03-13,002594,比亚迪,123.33,8644396
2024-03-14,002594,比亚迪,121.46,14201235
2024-03-15,002594,比亚迪,120.17,15858201
2024-03-18,002594,比亚迪,117.98,12401310
2024-03-19,002594,比亚迪,116.96,11948352
2024-03-20,002594,比亚迪,114.77,16459476
2024-03-21,002594,比亚迪,113.52,4951780
2024-03-22,002594,比亚迪,113.2,3665798
2024-03-25,002594,比亚迪,111.26,16655653
2024-03-26,002594,比亚迪,108.53,17799912
2024-03-27,002594,比亚迪,105.97,2746342
2024-03-28,002594,比亚迪,106.93,11662959
2024-03-29,002594,比亚迪,107.15,18760291
2024-04-01,002594,比亚迪,109.23,10079761
2024-04-02,002594,比亚迪,111.38,13732493
2024-04-03,002594,比亚迪,110.81,8643497
2024-04-04,002594,比亚迪,112.25,12009995
2024-04-05,002594,比亚迪,109.44,8047432
2024-04-08,002594,比亚迪,114.04,9426951
2024-04-09,002594,比亚迪,116.6,16319225
2024-04-10,002594,比亚迪,116.26,16850558
2024-04-11,002594,比亚迪,113.94,5883705
2024-04-12,002594,比亚迪,114.82,2122081
2024-04-15,002594,比亚迪,111.07,19205582
2024-04-16,002594,比亚迪,109.61,2286441
2024-04-17,002594,比亚迪,111.19,11428692
2024-04-18,002594,比亚迪,111.45,11365665
2024-04-19,002594,比亚迪,110.57,13345901
2024-04-22,002594,比亚迪,112.56,7347254
2024-04-23,002594,比亚迪,110.57,4360124
2024-04-24,002594,比亚迪,111.24,9227932
2024-04-25,002594,比亚迪,110.34,19472377
2024-04-26,002594,比亚迪,108.76,11658771
2024-04-29,002594,比亚迪,109.77,10088309
2024-04-30,002594,比亚迪,107.92,2787922
2024-05-01,002594,比亚迪,111.71,18709028
2024-05-02,002594,比亚迪,110.64,19695097
2024-05-03,002594,比亚迪,114.71,2947398
2024-05-06,002594,比亚迪,112.56,14197537
2024-05-07,002594,比亚迪,113.89,15855799
2024-05-08,002594,比亚迪,111.54,3780077
2024-05-09,002594,比亚迪,108.95,8557998
2024-05-10,002594,比亚迪,109.37,15294983
2024-05-13,002594,比亚迪,110.8,17602353
2024-05-14,002594,比亚迪,108.37,11592213
2024-05-15,002594,比亚迪,110.78,7309349
2024-05-16,002594,比亚迪,109.29,14365040
2024-05-17,002594,比亚迪,109.65,8046115
2024-05-20,002594,比亚迪,110.5,15278762
2024-05-21,002594,比亚迪,111.79,2262374
2024-05-22,002594,比亚迪,108.28,19844584
2024-05-23,002594,比亚迪,111.53,6772774
2024-05-24,002594,比亚迪,112.77,4131203
2024-05-27,002594,比亚迪,112.01,4094752
2024-05-28,002594,比亚迪,110.05,19931903
2024-05-29,002594,比亚迪,106.8,18833068
2024-05-30,002594,比亚迪,104.28,10583446
2024-05-31,002594,比亚迪,105.4,15798290
2024-06-03,002594,比亚迪,104.85,5616963
2024-06-04,002594,比亚迪,102.82,18794995
2024-06-05,002594,比亚迪,101.94,8724965
2024-06-06,002594,比亚迪,104.9,12694678
2024-06-07,002594,比亚迪,104.38,8557732
2024-06-10,002594,比亚迪,103.38,3879815
2024-06-11,002594,比亚迪,105.99,18116338
2024-06-12,002594,比亚迪,106.97,15855535
2024-06-13,002594,比亚迪,107.16,11437206
2024-06-14,002594,比亚迪,106.08,19983612
2024-06-17,002594,比亚迪,103.22,3200901
2024-06-18,002594,比亚迪,101.14,9727753
2024-06-19,002594,比亚迪,100.36,14867757
2024-06-20,002594,比亚迪,100.06,8182694
2024-06-21,002594,比亚迪,100.79,10959940
2024-06-24,002594,比亚迪,101.89,5196917
2024-06-25,002594,比亚迪,102.4,16662870
2024-06-26,002594,比亚迪,102.9,6698486
2024-06-27,002594,比亚迪,101.13,2836242
2024-06-28,002594,比亚迪,97.3,5104943
2024-07-01,002594,比亚迪,96.48,17570077
2024-07-02,002594,比亚迪,94.91,11106944
2024-07-03,002594,比亚迪,93.89,18071511
2024-07-04,002594,比亚迪,93.51,11350838
2024-07-05,002594,比亚迪,91.51,2148218
2024-07-08,002594,比亚迪,89.76,16438837
2024-07-09,002594,比亚迪,89.69,10584570
2024-07-10,002594,比亚迪,89.96,4002582
2024-07-11,002594,比亚迪,88.98,4188381
2024-07-12,002594,比亚迪,89.86,3348256
2024-07-15,002594,比亚迪,89.59,11529558
2024-07-16,002594,比亚迪,88.03,14206449
2024-07-17,002594,比亚迪,88.18,3605480
2024-07-18,002594,比亚迪,91.25,12374551
2024-07-19,002594,比亚迪,90.23,17966805
2024-07-22,002594,比亚迪,92.2,18322458
2024-07-23,002594,比亚迪,94.58,5305564
2024-07-24,002594,比亚迪,97.22,6826804
2024-07-25,002594,比亚迪,95.87,14027528
2024-07-26,002594,比亚迪,99.44,15669017
2024-07-29,002594,比亚迪,99.74,13764317
2024-07-30,002594,比亚迪,99.38,12706933
2024-07-31,002594,比亚迪,99.06,7774730
2024-08-01,002594,比亚迪,100.22,18679370
2024-08-02,002594,比亚迪,100.41,5860458
2024-08-05,002594,比亚迪,100.18,13733325
2024-08-06,002594,比亚迪,102.59,18474327
2024-08-07,002594,比亚迪,101.36,13521183
2024-08-08,002594,比亚迪,99.55,2716338
2024-08-09,002594,比亚迪,101.06,5517787
2024-08-12,002594,比亚迪,102.44,6574175
2024-08-13,002594,比亚迪,104.55,18858557
2024-08-14,002594,比亚迪,102.63,7880855
2024-08-15,002594,比亚迪,104.73,6164609
2024-08-16,002594,比亚迪,105.73,12515062
2024-08-19,002594,比亚迪,109.19,10037047
2024-08-20,002594,比亚迪,106.84,8645438
2024-08-21,002594,比亚迪,107.36,4440425
2024-08-22,002594,比亚迪,106.92,4004540
2024-08-23,002594,比亚迪,103.96,7326137
2024-08-26,002594,比亚迪,102.72,12266038
2024-08-27,002594,比亚迪,104.9,2431584
2024-08-28,002594,比亚迪,104.11,15033530
2024-08-29,002594,比亚迪,102.86,6632967
2024-08-30,002594,比亚迪,104.56,14686091
2024-09-02,002594,比亚迪,106.52,13801230
2024-09-03,002594,比亚迪,108.51,10812602
2024-09-04,002594,比亚迪,107.07,13439398
2024-09-05,002594,比亚迪,107.06,7523408
2024-09-06,002594,比亚迪,109.15,5470765
2024-09-09,002594,比亚迪,107.96,2184771
2024-09-10,002594,比亚迪,106.61,11918107
2024-09-11,002594,比亚迪,108.3,11590378
2024-09-12,002594,比亚迪,111.45,4116637
2024-09-13,002594,比亚迪,109.24,13313764
2024-09-16,002594,比亚迪,104.23,6180811
2024-09-17,002594,比亚迪,101.61,9942643
2024-09-18,002594,比亚迪,99.85,10477261
2024-09-19,002594,比亚迪,99.7,19265867
2024-09-20,002594,比亚迪,100.9,13170743
2024-09-23,002594,比亚迪,100.73,5640230
2024-09-24,002594,比亚迪,99.55,7617326
2024-09-25,002594,比亚迪,99.92,16653897
2024-09-26,002594,比亚迪,98.29,4265675
2024-09-27,002594,比亚迪,98.3,14938025
2024-09-30,002594,比亚迪,97.25,9308972
2024-10-01,002594,比亚迪,102.04,18187862
2024-10-02,002594,比亚迪,103.63,9367724
2024-10-03,002594,比亚迪,102.17,18641965
2024-10-04,002594,比亚迪,100.43,4975636
2024-10-07,002594,比亚迪,99.74,6260938
2024-10-08,002594,比亚迪,96.88,9902694
2024-10-09,002594,比亚迪,95.7,18592562
2024-10-10,002594,比亚迪,94.51,17923265
2024-10-11,002594,比亚迪,96.11,9258108
2024-10-14,002594,比亚迪,95.46,17401938
2024-10-15,002594,比亚迪,94.19,14223438
2024-10-16,002594,比亚迪,92.01,19667049
2024-10-17,002594,比亚迪,90.14,19152134
2024-10-18,002594,比亚迪,90.12,16762724
2024-10-21,002594,比亚迪,89.86,12716446
2024-10-22,002594,比亚迪,91.78,8730243
2024-10-23,002594,比亚迪,90.82,12492717
2024-10-24,002594,比亚迪,92.64,16815116
2024-10-25,002594,比亚迪,93.16,3275405
2024-10-28,002594,比亚迪,93.23,8678991
2024-10-29,002594,比亚迪,89.95,12739709
2024-10-30,002594,比亚迪,87.95,15658992
2024-10-31,002594,比亚迪,89.2,6340081
2024-11-01,002594,比亚迪,91.53,7084235
2024-11-04,002594,比亚迪,91.96,8988614
2024-01-02,300750,宁德时代,66.12,11381943
2024-01-03,300750,宁德时代,66.22,9368741
2024-01-04,300750,宁德时代,64.75,7343481
2024-01-05,300750,宁德时代,63.39,5312060
2024-01-08,300750,宁德时代,64.5,2896772
2024-01-09,300750,宁德时代,63.76,12218178
2024-01-10,300750,宁德时代,63.73,6591335
2024-01-11,300750,宁德时代,64.51,19911971
2024-01-12,300750,宁德时代,65.51,19156342
2024-01-15,300750,宁德时代,65.17,7794998
2024-01-16,300750,宁德时代,65.28,2145756
2024-01-17,300750,宁德时代,64.37,15421830
2024-01-18,300750,宁德时代,66.45,15094431
2024-01-19,300750,宁德时代,67.29,8419412
2024-01-22,300750,宁德时代,66.01,16200434
2024-01-23,300750,宁德时代,66.07,4108533
2024-01-24,300750,宁德时代,66.98,9284780
2024-01-25,300750,宁德时代,67.62,5743944
2024-01-26,300750,宁德时代,69.9,12714334
2024-01-29,300750,宁德时代,71.69,3232192
2024-01-30,300750,宁德时代,71.06,5975885
2024-01-31,300750,宁德时代,71.01,4861307
2024-02-01,300750,宁德时代,69.43,14024814
2024-02-02,300750,宁德时代,69.8,9396231
2024-02-05,300750,宁德时代,70.05,14740863
2024-02-06,300750,宁德时代,73.53,4312967
2024-02-07,300750,宁德时代,73.72,15222230
2024-02-08,300750,宁德时代,71.01,12405865
2024-02-09,300750,宁德时代,70.21,10851082
2024-02-12,300750,宁德时代,70.41,8923375
2024-02-13,300750,宁德时代,68.88,19467486
2024-02-14,300750,宁德时代,67.87,13421537
2024-02-15,300750,宁德时代,67.48,17593679
2024-02-16,300750,宁德时代,67.96,6546599
2024-02-19,300750,宁德时代,67.81,12304243
2024-02-20,300750,宁德时代,66.79,14539194
2024-02-21,300750,宁德时代,67.79,14282528
2024-02-22,300750,宁德时代,67.2,9899348
2024-02-23,300750,宁德时代,66.65,6946154
2024-02-26,300750,宁德时代,65.05,7925585
2024-02-27,300750,宁德时代,64.19,18985303
2024-02-28,300750,宁德时代,65.0,6519193
2024-02-29,300750,宁德时代,63.16,13612560
2024-03-01,300750,宁德时代,63.14,14378861
2024-03-04,300750,宁德时代,64.01,18108632
2024-03-05,300750,宁德时代,63.63,9396401
2024-03-06,300750,宁德时代,63.96,7195239
2024-03-07,300750,宁德时代,62.73,3309367
2024-03-08,300750,宁德时代,64.27,19682861
2024-03-11,300750,宁德时代,65.6,9867242
2024-03-12,300750,宁德时代,65.93,3897991
2024-03-13,300750,宁德时代,63.91,3069384
2024-03-14,300750,宁德时代,62.76,11546283
2024-03-15,300750,宁德时代,63.92,10413006
2024-03-18,300750,宁德时代,65.95,3988503
2024-03-19,300750,宁德时代,66.36,17940712
2024-03-20,300750,宁德时代,67.91,5416180
2024-03-21,300750,宁德时代,67.22,8800460
2024-03-22,300750,宁德时代,67.05,15754712
2024-03-25,300750,宁德时代,67.11,9903612
2024-03-26,300750,宁德时代,67.68,3189710
2024-03-27,300750,宁德时代,65.88,14040480
2024-03-28,300750,宁德时代,67.05,8888785
2024-03-29,300750,宁德时代,68.71,15216181
2024-04-01,300750,宁德时代,67.35,5449800
2024-04-02,300750,宁德时代,65.77,12873124
2024-04-03,300750,宁德时代,66.24,17304885
2024-04-04,300750,宁德时代,65.52,6152698
2024-04-05,300750,宁德时代,62.78,3482758
2024-04-08,300750,宁德时代,63.75,10646992
2024-04-09,300750,宁德时代,63.98,8058384
2024-04-10,300750,宁德时代,63.49,13179907
2024-04-11,300750,宁德时代,65.96,17412387
2024-04-12,300750,宁德时代,66.18,18657831
2024-04-15,300750,宁德时代,65.34,14364450
2024-04-16,300750,宁德时代,65.52,18806855
2024-04-17,300750,宁德时代,64.35,14659906
2024-04-18,300750,宁德时代,63.53,18856769
2024-04-19,300750,宁德时代,64.02,19841389
2024-04-22,300750,宁德时代,63.44,5299937
2024-04-23,300750,宁德时代,62.98,2421571
2024-04-24,300750,宁德时代,64.93,2084075
2024-04-25,300750,宁德时代,65.99,13966728
2024-04-26,300750,宁德时代,67.0,8511850
2024-04-29,300750,宁德时代,67.7,15409235
2024-04-30,300750,宁德时代,68.35,17570936
2024-05-01,300750,宁德时代,70.2,15467131
2024-05-02,300750,宁德时代,70.24,9269287
2024-05-03,300750,宁德时代,72.65,14852386
2024-05-06,300750,宁德时代,71.47,3299824
2024-05-07,300750,宁德时代,71.2,2821585
2024-05-08,300750,宁德时代,69.5,3510892
2024-05-09,300750,宁德时代,69.13,11622155
2024-05-10,300750,宁德时代,69.83,15910435
2024-05-13,300750,宁德时代,71.72,16921892
2024-05-14,300750,宁德时代,70.93,13011868
2024-05-15,300750,宁德时代,71.0,19097258
2024-05-16,300750,宁德时代,70.6,6728133
2024-05-17,300750,宁德时代,69.72,6357444
2024-05-20,300750,宁德时代,68.29,2167227
2024-05-21,300750,宁德时代,68.43,4434744
2024-05-22,300750,宁德时代,66.35,11602243
2024-05-23,300750,宁德时代,66.54,15945932
2024-05-24,300750,宁德时代,66.63,3627627
2024-05-27,300750,宁德时代,65.9,16989746
2024-05-28,300750,宁德时代,64.76,15470871
2024-05-29,300750,宁德时代,63.2,4282827
2024-05-30,300750,宁德时代,65.38,8132994
2024-05-31,300750,宁德时代,63.86,13467029
2024-06-03,300750,宁德时代,65.71,16534614
2024-06-04,300750,宁德时代,66.48,16737188
2024-06-05,300750,宁德时代,66.1,3720003
2024-06-06,300750,宁德时代,64.78,3184184
2024-06-07,300750,宁德时代,66.05,10891569
2024-06-10,300750,宁德时代,68.17,6109052
2024-06-11,300750,宁德时代,67.08,3795769
2024-06-12,300750,宁德时代,66.78,10131333
2024-06-13,300750,宁德时代,68.1,16046482
2024-06-14,300750,宁德时代,68.57,11646948
2024-06-17,300750,宁德时代,71.1,12079695
2024-06-18,300750,宁德时代,70.44,13007546
2024-06-19,300750,宁德时代,71.19,6224376
2024-06-20,300750,宁德时代,69.65,19331354
2024-06-21,300750,宁德时代,72.33,3634469
2024-06-24,300750,宁德时代,71.45,14275909
2024-06-25,300750,宁德时代,68.67,9477842
2024-06-26,300750,宁德时代,68.58,8054157
2024-06-27,300750,宁德时代,68.46,4683381
2024-06-28,300750,宁德时代,70.89,17395983
2024-07-01,300750,宁德时代,70.52,9878571
2024-07-02,300750,宁德时代,70.56,8839681
2024-07-03,300750,宁德时代,71.38,19485050
2024-07-04,300750,宁德时代,73.48,18964369
2024-07-05,300750,宁德时代,73.46,3745545
2024-07-08,300750,宁德时代,74.9,7348083
2024-07-09,300750,宁德时代,75.66,7307867
2024-07-10,300750,宁德时代,75.33,19718501
2024-07-11,300750,宁德时代,75.5,2473774
2024-07-12,300750,宁德时代,75.6,3124694
2024-07-15,300750,宁德时代,74.42,17143160
2024-07-16,300750,宁德时代,76.11,15222274
2024-07-17,300750,宁德时代,74.28,9560970
2024-07-18,300750,宁德时代,75.91,7245216
2024-07-19,300750,宁德时代,77.28,2037428
2024-07-22,300750,宁德时代,77.22,9630238
2024-07-23,300750,宁德时代,76.23,11945356
2024-07-24,300750,宁德时代,75.98,13451338
2024-07-25,300750,宁德时代,76.7,8114210
2024-07-26,300750,宁德时代,77.79,2824941
2024-07-29,300750,宁德时代,78.26,6673531
2024-07-30,300750,宁德时代,79.73,6023712
2024-07-31,300750,宁德时代,79.0,19388925
2024-08-01,300750,宁德时代,79.4,3872303
2024-08-02,300750,宁德时代,77.23,16717692
2024-08-05,300750,宁德时代,78.36,15313620
2024-08-06,300750,宁德时代,78.64,10467397
2024-08-07,300750,宁德时代,78.12,5982349
2024-08-08,300750,宁德时代,79.83,3779728
2024-08-09,300750,宁德时代,80.89,10969982
2024-08-12,300750,宁德时代,76.86,16077675
2024-08-13,300750,宁德时代,76.98,7913241
2024-08-14,300750,宁德时代,75.03,16073548
2024-08-15,300750,宁德时代,76.54,6250101
2024-08-16,300750,宁德时代,80.04,7361187
2024-08-19,300750,宁德时代,79.36,18833200
2024-08-20,300750,宁德时代,79.54,12539029
2024-08-21,300750,宁德时代,79.25,11134901
2024-08-22,300750,宁德时代,79.82,12054449
2024-08-23,300750,宁德时代,80.81,13708463
2024-08-26,300750,宁德时代,82.76,12232111
2024-08-27,300750,宁德时代,81.36,14678893
2024-08-28,300750,宁德时代,83.73,6216992
2024-08-29,300750,宁德时代,82.4,16780722
2024-08-30,300750,宁德时代,82.89,2167187
2024-09-02,300750,宁德时代,84.69,6737946
2024-09-03,300750,宁德时代,85.85,7633547
2024-09-04,300750,宁德时代,84.48,3414705
2024-09-05,300750,宁德时代,83.48,16623184
2024-09-06,300750,宁德时代,82.86,10410423
2024-09-09,300750,宁德时代,82.86,14947121
2024-09-10,300750,宁德时代,84.64,5060110
2024-09-11,300750,宁德时代,82.75,19869255
2024-09-12,300750,宁德时代,83.52,2367774
2024-09-13,300750,宁德时代,84.51,13552350
2024-09-16,300750,宁德时代,85.43,18554317
2024-09-17,300750,宁德时代,86.22,17700925
2024-09-18,300750,宁德时代,88.65,13278545
2024-09-19,300750,宁德时代,89.51,19619054
2024-09-20,300750,宁德时代,90.97,9458565
2024-09-23,300750,宁德时代,91.97,8388528
2024-09-24,300750,宁德时代,95.02,4456011
2024-09-25,300750,宁德时代,91.86,14503009
2024-09-26,300750,宁德时代,94.06,15702474
2024-09-27,300750,宁德时代,93.7,3052571
2024-09-30,300750,宁德时代,93.31,11594094
2024-10-01,300750,宁德时代,91.76,13165056
2024-10-02,300750,宁德时代,88.76,5137305
2024-10-03,300750,宁德时代,88.22,11156774
2024-10-04,300750,宁德时代,87.21,19680892
2024-10-07,300750,宁德时代,88.06,16324187
2024-10-08,300750,宁德时代,85.81,19114664
2024-10-09,300750,宁德时代,88.09,11503337
2024-10-10,300750,宁德时代,88.6,18688539
2024-10-11,300750,宁德时代,88.28,19355937
2024-10-14,300750,宁德时代,87.23,16879686
2024-10-15,300750,宁德时代,86.07,9917936
2024-10-16,300750,宁德时代,84.4,11568512
2024-10-17,300750,宁德时代,83.65,10328146
2024-10-18,300750,宁德时代,83.73,7408110
2024-10-21,300750,宁德时代,83.54,12245139
2024-10-22,300750,宁德时代,81.48,13730749
2024-10-23,300750,宁德时代,81.16,17005912
2024-10-24,300750,宁德时代,79.93,4724272
2024-10-25,300750,宁德时代,80.23,11206102
2024-10-28,300750,宁德时代,82.99,13102628
2024-10-29,300750,宁德时代,84.0,13010326
2024-10-30,300750,宁德时代,83.6,3189213
2024-10-31,300750,宁德时代,81.23,15233925
2024-11-01,300750,宁德时代,79.23,2244535
2024-11-04,300750,宁德时代,76.9,13571199
2024-01-02,600036,招商银行,35.43,5265717
2024-01-03,600036,招商银行,35.5,3557710
2024-01-04,600036,招商银行,35.31,13721932
2024-01-05,600036,招商银行,35.91,16326749
2024-01-08,600036,招商银行,35.53,11357944
2024-01-09,600036,招商银行,35.28,14174790
2024-01-10,600036,招商银行,36.07,4092150
2024-01-11,600036,招商银行,37.56,11848390
2024-01-12,600036,招商银行,38.94,14098529
2024-01-15,600036,招商银行,39.01,13122431
2024-01-16,600036,招商银行,39.19,2444512
2024-01-17,600036,招商银行,40.3,3806852
2024-01-18,600036,招商银行,40.24,19737016
2024-01-19,600036,招商银行,39.57,6685509
2024-01-22,600036,招商银行,39.68,6167691
2024-01-23,600036,招商银行,40.03,12505547
2024-01-24,600036,招商银行,39.47,15197335
2024-01-25,600036,招商银行,38.33,19140174
2024-01-26,600036,招商银行,37.37,15384241
2024-01-29,600036,招商银行,37.84,16708374
2024-01-30,600036,招商银行,37.35,18508810
2024-01-31,600036,招商银行,37.29,13533074
2024-02-01,600036,招商银行,37.46,12897703
2024-02-02,600036,招商银行,37.9,11338734
2024-02-05,600036,招商银行,37.7,5696822
2024-02-06,600036,招商银行,38.07,2272379
2024-02-07,600036,招商银行,37.49,4207388
2024-02-08,600036,招商银行,37.27,18032892
2024-02-09,600036,招商银行,36.62,7511183
2024-02-12,600036,招商银行,37.39,3203373
2024-02-13,600036,招商银行,37.4,4515125
2024-02-14,600036,招商银行,36.93,4323458
2024-02-15,600036,招商银行,36.72,8750110
2024-02-16,600036,招商银行,36.61,14475291
2024-02-19,600036,招商银行,37.09,16505001
2024-02-20,600036,招商银行,36.06,16618591
2024-02-21,600036,招商银行,35.41,19253338
2024-02-22,600036,招商银行,35.2,16157911
2024-02-23,600036,招商银行,36.83,6754102
2024-02-26,600036,招商银行,37.49,10143274
2024-02-27,600036,招商银行,37.44,13655513
2024-02-28,600036,招商银行,37.95,5187003
2024-02-29,600036,招商银行,39.39,14366050
2024-03-01,600036,招商银行,39.25,2635439
2024-03-04,600036,招商银行,39.02,6048549
2024-03-05,600036,招商银行,39.9,17324832
2024-03-06,600036,招商银行,40.29,7738196
2024-03-07,600036,招商银行,40.8,19598554
2024-03-08,600036,招商银行,40.46,17109096
2024-03-11,600036,招商银行,41.89,6394439
2024-03-12,600036,招商银行,43.22,18573046
2024-03-13,600036,招商银行,43.69,17589373
2024-03-14,600036,招商银行,44.26,19693868
2024-03-15,600036,招商银行,42.68,9245556
2024-03-18,600036,招商银行,43.2,18333275
2024-03-19,600036,招商银行,43.08,7604187
2024-03-20,600036,招商银行,43.45,8405918
2024-03-21,600036,招商银行,44.02,11092778
2024-03-22,600036,招商银行,43.78,8506505
2024-03-25,600036,招商银行,42.48,2147027
2024-03-26,600036,招商银行,42.8,14926909
2024-03-27,600036,招商银行,42.26,9968860
2024-03-28,600036,招商银行,42.04,16713506
2024-03-29,600036,招商银行,41.61,5591989
2024-04-01,600036,招商银行,41.39,6082410
2024-04-02,600036,招商银行,39.7,14824229
2024-04-03,600036,招商银行,40.6,14572144
2024-04-04,600036,招商银行,40.82,11046284
2024-04-05,600036,招商银行,41.66,12833728
2024-04-08,600036,招商银行,43.18,17639347
2024-04-09,600036,招商银行,43.23,17824812
2024-04-10,600036,招商银行,41.86,18139667
2024-04-11,600036,招商银行,41.22,19866371
2024-04-12,600036,招商银行,40.35,7701660
2024-04-15,600036,招商银行,40.02,16345557
2024-04-16,600036,招商银行,40.11,7046908
2024-04-17,600036,招商银行,38.69,17626962
2024-04-18,600036,招商银行,38.96,18904346
2024-04-19,600036,招商银行,37.93,9909257
2024-04-22,600036,招商银行,38.16,11071956
2024-04-23,600036,招商银行,38.12,4118859
2024-04-24,600036,招商银行,37.93,3737279
2024-04-25,600036,招商银行,37.91,5561191
2024-04-26,600036,招商银行,37.57,2825932
2024-04-29,600036,招商银行,37.19,9195534
2024-04-30,600036,招商银行,36.09,19827659
2024-05-01,600036,招商银行,36.1,14727376
2024-05-02,600036,招商银行,37.32,12424945
2024-05-03,600036,招商银行,38.68,15128295
2024-05-06,600036,招商银行,39.63,2980873
2024-05-07,600036,招商银行,40.16,13805080
2024-05-08,600036,招商银行,39.71,11202598
2024-05-09,600036,招商银行,40.77,4058873
2024-05-10,600036,招商银行,40.76,11073881
2024-05-13,600036,招商银行,40.74,13960359
2024-05-14,600036,招商银行,40.55,9836981
2024-05-15,600036,招商银行,40.65,18599119
2024-05-16,600036,招商银行,40.37,19123047
2024-05-17,600036,招商银行,40.33,8504167
2024-05-20,600036,招商银行,39.58,19077896
2024-05-21,600036,招商银行,39.34,6374101
2024-05-22,600036,招商银行,40.99,4249418
2024-05-23,600036,招商银行,40.97,13677797
2024-05-24,600036,招商银行,40.82,4730972
2024-05-27,600036,招商银行,41.24,7756661
2024-05-28,600036,招商银行,41.8,9334794
2024-05-29,600036,招商银行,40.99,14371906
2024-05-30,600036,招商银行,40.87,17012476
2024-05-31,600036,招商银行,41.58,18071918
2024-06-03,600036,招商银行,41.81,13227546
2024-06-04,600036,招商银行,41.94,19347144
2024-06-05,600036,招商银行,43.14,15136942
2024-06-06,600036,招商银行,42.65,17729459
2024-06-07,600036,招商银行,42.74,12369050
2024-06-10,600036,招商银行,42.38,4122528
2024-06-11,600036,招商银行,43.55,5781024
2024-06-12,600036,招商银行,42.05,9444326
2024-06-13,600036,招商银行,41.57,16719777
2024-06-14,600036,招商银行,41.21,9461357
2024-06-17,600036,招商银行,41.73,2252377
2024-06-18,600036,招商银行,42.22,9787594
2024-06-19,600036,招商银行,43.31,14572716
2024-06-20,600036,招商银行,42.12,19828026
2024-06-21,600036,招商银行,42.72,5498113
2024-06-24,600036,招商银行,42.53,7581175
2024-06-25,600036,招商银行,42.05,10479646
2024-06-26,600036,招商银行,42.49,10793391
2024-06-27,600036,招商银行,41.82,19552397
2024-06-28,600036,招商银行,40.29,9181264
2024-07-01,600036,招商银行,40.05,11702645
2024-07-02,600036,招商银行,39.0,6526184
2024-07-03,600036,招商银行,38.57,3025078
2024-07-04,600036,招商银行,38.86,9065037
2024-07-05,600036,招商银行,39.11,9718036
2024-07-08,600036,招商银行,40.25,5108147
2024-07-09,600036,招商银行,40.14,13884807
2024-07-10,600036,招商银行,39.06,7950478
2024-07-11,600036,招商银行,38.56,3020720
2024-07-12,600036,招商银行,37.95,11634043
2024-07-15,600036,招商银行,37.15,6547767
2024-07-16,600036,招商银行,37.47,15097943
2024-07-17,600036,招商银行,37.06,2330050
2024-07-18,600036,招商银行,35.77,15836507
2024-07-19,600036,招商银行,36.25,11721228
2024-07-22,600036,招商银行,36.2,15148210
2024-07-23,600036,招商银行,36.46,8866596
2024-07-24,600036,招商银行,36.56,17877845
2024-07-25,600036,招商银行,37.0,11066420
2024-07-26,600036,招商银行,37.06,19956170
2024-07-29,600036,招商银行,37.91,7325062
2024-07-30,600036,招商银行,38.23,17415774
2024-07-31,600036,招商银行,38.53,13822526
2024-08-01,600036,招商银行,38.84,18658937
2024-08-02,600036,招商银行,37.85,5115550
2024-08-05,600036,招商银行,37.77,11241409
2024-08-06,600036,招商银行,37.62,18319736
2024-08-07,600036,招商银行,37.79,6402151
2024-08-08,600036,招商银行,36.89,19281466
2024-08-09,600036,招商银行,38.01,19411626
2024-08-12,600036,招商银行,38.11,10873885
2024-08-13,600036,招商银行,37.31,15111689
2024-08-14,600036,招商银行,36.19,10377022
2024-08-15,600036,招商银行,36.03,13830991
2024-08-16,600036,招商银行,36.0,17473100
2024-08-19,600036,招商银行,35.56,15333906
2024-08-20,600036,招商银行,35.65,7217080
2024-08-21,600036,招商银行,35.26,12432444
2024-08-22,600036,招商银行,35.64,16455902
2024-08-23,600036,招商银行,35.2,12469469
2024-08-26,600036,招商银行,35.2,7171536
2024-08-27,600036,招商银行,35.85,15533009
2024-08-28,600036,招商银行,37.54,14959366
2024-08-29,600036,招商银行,36.89,13430466
2024-08-30,600036,招商银行,36.61,8012204
2024-09-02,600036,招商银行,36.08,12128958
2024-09-03,600036,招商银行,36.62,12846830
2024-09-04,600036,招商银行,35.89,5848293
2024-09-05,600036,招商银行,35.6,18665628
2024-09-06,600036,招商银行,35.61,12692566
2024-09-09,600036,招商银行,35.01,2977846
2024-09-10,600036,招商银行,34.43,6865386
2024-09-11,600036,招商银行,34.17,16530583
2024-09-12,600036,招商银行,32.9,14478688
2024-09-13,600036,招商银行,32.07,11753220
2024-09-16,600036,招商银行,31.85,10898672
2024-09-17,600036,招商银行,31.96,8823217
2024-09-18,600036,招商银行,31.88,18961079
2024-09-19,600036,招商银行,30.89,8304958
2024-09-20,600036,招商银行,30.65,16961181
2024-09-23,600036,招商银行,31.12,3249416
2024-09-24,600036,招商银行,31.45,11606684
2024-09-25,600036,招商银行,31.43,6650816
2024-09-26,600036,招商银行,30.95,9601161
2024-09-27,600036,招商银行,31.33,13216466
2024-09-30,600036,招商银行,31.03,3213242
2024-10-01,600036,招商银行,30.4,3756619
2024-10-02,600036,招商银行,29.98,12434506
2024-10-03,600036,招商银行,30.78,14049332
2024-10-04,600036,招商银行,30.93,3110281
2024-10-07,600036,招商银行,31.6,19320560
2024-10-08,600036,招商银行,31.35,9880220
2024-10-09,600036,招商银行,31.9,19653969
2024-10-10,600036,招商银行,31.58,4454521
2024-10-11,600036,招商银行,31.52,18006341
2024-10-14,600036,招商银行,32.95,13603079
2024-10-15,600036,招商银行,33.43,16518995
2024-10-16,600036,招商银行,33.16,16545003
2024-10-17,600036,招商银行,33.13,5203159
2024-10-18,600036,招商银行,33.35,5024670
2024-10-21,600036,招商银行,34.1,19462807
2024-10-22,600036,招商银行,33.83,9787713
2024-10-23,600036,招商银行,32.79,5649017
2024-10-24,600036,招商银行,32.65,13356178
2024-10-25,600036,招商银行,32.69,17642895
2024-10-28,600036,招商银行,32.78,6927172
2024-10-29,600036,招商银行,33.58,17801726
2024-10-30,600036,招商银行,33.79,3159900
2024-10-31,600036,招商银行,34.31,13194349
2024-11-01,600036,招商银行,33.66,8760536
2024-11-04,600036,招商银行,34.21,11383521
2024-01-02,600276,恒瑞医药,77.89,14879291
2024-01-03,600276,恒瑞医药,79.36,6182938
2024-01-04,600276,恒瑞医药,78.62,12071586
2024-01-05,600276,恒瑞医药,79.86,19117554
2024-01-08,600276,恒瑞医药,78.88,5214022
2024-01-09,600276,恒瑞医药,80.55,8233817
2024-01-10,600276,恒瑞医药,80.31,12971733
2024-01-11,600276,恒瑞医药,79.22,3551259
2024-01-12,600276,恒瑞医药,78.76,7171342
2024-01-15,600276,恒瑞医药,77.75,7584416
2024-01-16,600276,恒瑞医药,78.08,11232903
2024-01-17,600276,恒瑞医药,78.4,11924716
2024-01-18,600276,恒瑞医药,78.52,10267819
2024-01-19,600276,恒瑞医药,77.81,16669273
2024-01-22,600276,恒瑞医药,72.75,12143495
2024-01-23,600276,恒瑞医药,72.94,15381518
2024-01-24,600276,恒瑞医药,70.52,18584772
2024-01-25,600276,恒瑞医药,70.89,12214852
2024-01-26,600276,恒瑞医药,72.4,16583614
2024-01-29,600276,恒瑞医药,72.82,10382617
2024-01-30,600276,恒瑞医药,72.38,9472691
2024-01-31,600276,恒瑞医药,72.21,2813977
2024-02-01,600276,恒瑞医药,72.1,16711988
2024-02-02,600276,恒瑞医药,71.45,3563003
2024-02-05,600276,恒瑞医药,70.77,17489396
2024-02-06,600276,恒瑞医药,69.66,4835270
2024-02-07,600276,恒瑞医药,71.21,15931590
2024-02-08,600276,恒瑞医药,71.25,19650516
2024-02-09,600276,恒瑞医药,72.54,11924994
2024-02-12,600276,恒瑞医药,72.28,15787179
2024-02-13,600276,恒瑞医药,72.44,18188215
2024-02-14,600276,恒瑞医药,72.29,17137383
2024-02-15,600276,恒瑞医药,72.96,10855296
2024-02-16,600276,恒瑞医药,74.11,18450950
2024-02-19,600276,恒瑞医药,74.49,3907196
2024-02-20,600276,恒瑞医药,73.66,3784304
2024-02-21,600276,恒瑞医药,72.69,6898247
2024-02-22,600276,恒瑞医药,74.93,19915544
2024-02-23,600276,恒瑞医药,74.62,13835233
2024-02-26,600276,恒瑞医药,74.3,5373172
2024-02-27,600276,恒瑞医药,76.32,8824275
2024-02-28,600276,恒瑞医药,77.89,2218026
2024-02-29,600276,恒瑞医药,78.71,9610749
2024-03-01,600276,恒瑞医药,78.21,12816713
2024-03-04,600276,恒瑞医药,81.6,9239759
2024-03-05,600276,恒瑞医药,82.25,11031111
2024-03-06,600276,恒瑞医药,83.13,5456658
2024-03-07,600276,恒瑞医药,82.95,3254377
2024-03-08,600276,恒瑞医药,80.92,3683576
2024-03-11,600276,恒瑞医药,79.05,14226854
2024-03-12,600276,恒瑞医药,79.7,2883454
2024-03-13,600276,恒瑞医药,80.33,5371826
2024-03-14,600276,恒瑞医药,80.06,14105134
2024-03-15,600276,恒瑞医药,78.44,16291019
2024-03-18,600276,恒瑞医药,76.48,7833980
2024-03-19,600276,恒瑞医药,76.1,10843771
2024-03-20,600276,恒瑞医药,74.17,10223434
2024-03-21,600276,恒瑞医药,75.44,15725207
2024-03-22,600276,恒瑞医药,77.07,18833480
2024-03-25,600276,恒瑞医药,81.07,17023801
2024-03-26,600276,恒瑞医药,82.42,13279973
2024-03-27,600276,恒瑞医药,81.62,15493946
2024-03-28,600276,恒瑞医药,80.41,16591773
2024-03-29,600276,恒瑞医药,75.49,17388784
2024-04-01,600276,恒瑞医药,74.75,15721921
2024-04-02,600276,恒瑞医药,74.58,14924656
2024-04-03,600276,恒瑞医药,75.95,19166783
2024-04-04,600276,恒瑞医药,76.85,8576324
2024-04-05,600276,恒瑞医药,77.73,3202770
2024-04-08,600276,恒瑞医药,78.1,10962354
2024-04-09,600276,恒瑞医药,79.1,8914552
2024-04-10,600276,恒瑞医药,81.24,2734068
2024-04-11,600276,恒瑞医药,79.75,19093014
2024-04-12,600276,恒瑞医药,79.17,19592710
2024-04-15,600276,恒瑞医药,77.26,10359799
2024-04-16,600276,恒瑞医药,79.59,15165644
2024-04-17,600276,恒瑞医药,81.52,19060401
2024-04-18,600276,恒瑞医药,82.69,10563827
2024-04-19,600276,恒瑞医药,80.98,5327504
2024-04-22,600276,恒瑞医药,81.31,4045743
2024-04-23,600276,恒瑞医药,81.04,3084422
2024-04-24,600276,恒瑞医药,81.23,3185394
2024-04-25,600276,恒瑞医药,81.03,18118393
2024-04-26,600276,恒瑞医药,81.86,14665055
2024-04-29,600276,恒瑞医药,81.36,9402555
2024-04-30,600276,恒瑞医药,82.68,19294131
2024-05-01,600276,恒瑞医药,83.12,11148952
2024-05-02,600276,恒瑞医药,82.75,8751941
2024-05-03,600276,恒瑞医药,82.66,18852962
2024-05-06,600276,恒瑞医药,82.08,15022780
2024-05-07,600276,恒瑞医药,83.36,5949728
2024-05-08,600276,恒瑞医药,83.03,14560854
2024-05-09,600276,恒瑞医药,83.54,19427546
2024-05-10,600276,恒瑞医药,83.03,9054404
2024-05-13,600276,恒瑞医药,80.89,9137900
2024-05-14,600276,恒瑞医药,82.28,11669857
2024-05-15,600276,恒瑞医药,80.79,6453529
2024-05-16,600276,恒瑞医药,81.85,18888280
2024-05-17,600276,恒瑞医药,82.54,6206675
2024-05-20,600276,恒瑞医药,80.16,16516707
2024-05-21,600276,恒瑞医药,78.87,11332078
2024-05-22,600276,恒瑞医药,78.21,13849352
2024-05-23,600276,恒瑞医药,77.12,10405388
2024-05-24,600276,恒瑞医药,75.55,14412895
2024-05-27,600276,恒瑞医药,76.63,17949807
2024-05-28,600276,恒瑞医药,76.37,12079228
2024-05-29,600276,恒瑞医药,76.97,2914437
2024-05-30,600276,恒瑞医药,76.44,15202923
2024-05-31,600276,恒瑞医药,76.93,2791564
2024-06-03,600276,恒瑞医药,75.96,12086462
2024-06-04,600276,恒瑞医药,75.99,4750125
2024-06-05,600276,恒瑞医药,76.86,16821443
2024-06-06,600276,恒瑞医药,76.99,12901958
2024-06-07,600276,恒瑞医药,76.43,13588960
2024-06-10,600276,恒瑞医药,75.0,16064202
2024-06-11,600276,恒瑞医药,75.3,6426826
2024-06-12,600276,恒瑞医药,75.83,10637184
2024-06-13,600276,恒瑞医药,75.55,5566523
2024-06-14,600276,恒瑞医药,74.57,13047600
2024-06-17,600276,恒瑞医药,75.37,9322606
2024-06-18,600276,恒瑞医药,78.8,13565960
2024-06-19,600276,恒瑞医药,78.45,12915957
2024-06-20,600276,恒瑞医药,78.99,2347310
2024-06-21,600276,恒瑞医药,79.6,5667862
2024-06-24,600276,恒瑞医药,76.0,6432976
2024-06-25,600276,恒瑞医药,76.23,8865412
2024-06-26,600276,恒瑞医药,75.33,19959645
2024-06-27,600276,恒瑞医药,77.28,10498122
2024-06-28,600276,恒瑞医药,77.0,7954178
2024-07-01,600276,恒瑞医药,75.99,17262265
2024-07-02,600276,恒瑞医药,75.76,19039286
2024-07-03,600276,恒瑞医药,76.06,7287496
2024-07-04,600276,恒瑞医药,75.36,10860970
2024-07-05,600276,恒瑞医药,75.36,4420814
2024-07-08,600276,恒瑞医药,73.59,6006015
2024-07-09,600276,恒瑞医药,73.36,11576526
2024-07-10,600276,恒瑞医药,74.45,2043474
2024-07-11,600276,恒瑞医药,77.15,14973892
2024-07-12,600276,恒瑞医药,78.21,5915908
2024-07-15,600276,恒瑞医药,78.66,11192985
2024-07-16,600276,恒瑞医药,80.41,7787055
2024-07-17,600276,恒瑞医药,81.96,6368759
2024-07-18,600276,恒瑞医药,84.48,9907443
2024-07-19,600276,恒瑞医药,86.21,14282792
2024-07-22,600276,恒瑞医药,86.1,10049089
2024-07-23,600276,恒瑞医药,86.58,14623941
2024-07-24,600276,恒瑞医药,86.94,11870201
2024-07-25,600276,恒瑞医药,87.49,15519463
2024-07-26,600276,恒瑞医药,87.89,10534675
2024-07-29,600276,恒瑞医药,86.73,12795943
2024-07-30,600276,恒瑞医药,83.52,2591548
2024-07-31,600276,恒瑞医药,82.59,5128815
2024-08-01,600276,恒瑞医药,79.65,6805409
2024-08-02,600276,恒瑞医药,79.82,12359061
2024-08-05,600276,恒瑞医药,79.9,19316342
2024-08-06,600276,恒瑞医药,77.57,4307080
2024-08-07,600276,恒瑞医药,78.6,2493468
2024-08-08,600276,恒瑞医药,79.89,13604799
2024-08-09,600276,恒瑞医药,80.11,15213050
2024-08-12,600276,恒瑞医药,82.58,17868617
2024-08-13,600276,恒瑞医药,85.44,10574706
2024-08-14,600276,恒瑞医药,83.66,15940175
2024-08-15,600276,恒瑞医药,85.3,14724609
2024-08-16,600276,恒瑞医药,86.06,2508142
2024-08-19,600276,恒瑞医药,86.78,7985025
2024-08-20,600276,恒瑞医药,88.32,14836287
2024-08-21,600276,恒瑞医药,87.26,8662483
2024-08-22,600276,恒瑞医药,86.41,12568680
2024-08-23,600276,恒瑞医药,85.2,11302038
2024-08-26,600276,恒瑞医药,84.12,13693869
2024-08-27,600276,恒瑞医药,84.05,18373851
2024-08-28,600276,恒瑞医药,81.93,17552643
2024-08-29,600276,恒瑞医药,80.46,7910990
2024-08-30,600276,恒瑞医药,81.37,10116649
2024-09-02,600276,恒瑞医药,81.34,3545548
2024-09-03,600276,恒瑞医药,81.97,16444381
2024-09-04,600276,恒瑞医药,79.26,2688619
2024-09-05,600276,恒瑞医药,78.21,10060431
2024-09-06,600276,恒瑞医药,77.5,17868225
2024-09-09,600276,恒瑞医药,77.62,18711561
2024-09-10,600276,恒瑞医药,76.87,7647242
2024-09-11,600276,恒瑞医药,78.23,19232041
2024-09-12,600276,恒瑞医药,78.22,4151463
2024-09-13,600276,恒瑞医药,78.32,14933407
2024-09-16,600276,恒瑞医药,78.41,12735606
2024-09-17,600276,恒瑞医药,79.48,16502719
2024-09-18,600276,恒瑞医药,78.87,17208116
2024-09-19,600276,恒瑞医药,80.54,9856654
2024-09-20,600276,恒瑞医药,81.28,12791851
2024-09-23,600276,恒瑞医药,81.58,15307473
2024-09-24,600276,恒瑞医药,81.72,4730810
2024-09-25,600276,恒瑞医药,82.55,13025820
2024-09-26,600276,恒瑞医药,84.14,9303185
2024-09-27,600276,恒瑞医药,85.65,8592141
2024-09-30,600276,恒瑞医药,86.3,6796807
2024-10-01,600276,恒瑞医药,87.75,10399904
2024-10-02,600276,恒瑞医药,88.01,2298296
2024-10-03,600276,恒瑞医药,90.08,12988457
2024-10-04,600276,恒瑞医药,90.12,19382335
2024-10-07,600276,恒瑞医药,86.83,10586345
2024-10-08,600276,恒瑞医药,89.0,10265903
2024-10-09,600276,恒瑞医药,89.25,10306265
2024-10-10,600276,恒瑞医药,87.45,4424993
2024-10-11,600276,恒瑞医药,87.22,11724670
2024-10-14,600276,恒瑞医药,85.91,17928301
2024-10-15,600276,恒瑞医药,89.24,17791903
2024-10-16,600276,恒瑞医药,90.12,19732338
2024-10-17,600276,恒瑞医药,87.66,5009784
2024-10-18,600276,恒瑞医药,88.6,16688103
2024-10-21,600276,恒瑞医药,88.04,11040209
2024-10-22,600276,恒瑞医药,91.16,6565626
2024-10-23,600276,恒瑞医药,89.52,15702641
2024-10-24,600276,恒瑞医药,85.98,5429771
2024-10-25,600276,恒瑞医药,86.16,10313799
2024-10-28,600276,恒瑞医药,85.7,11452021
2024-10-29,600276,恒瑞医药,85.13,11990161
2024-10-30,600276,恒瑞医药,81.93,12502946
2024-10-31,600276,恒瑞医药,82.63,3712326
2024-11-01,600276,恒瑞医药,85.2,17811225
2024-11-04,600276,恒瑞医药,82.35,5442351
2024-01-02,600519,贵州茅台,20.01,8948783
2024-01-03,600519,贵州茅台,20.14,13497499
2024-01-04,600519,贵州茅台,20.05,6736870
2024-01-05,600519,贵州茅台,19.74,12968016
2024-01-08,600519,贵州茅台,19.6,16288502
2024-01-09,600519,贵州茅台,19.26,3732422
2024-01-10,600519,贵州茅台,19.29,10165983
2024-01-11,600519,贵州茅台,19.77,13901446
2024-01-12,600519,贵州茅台,19.61,2921900
2024-01-15,600519,贵州茅台,19.41,13375185
2024-01-16,600519,贵州茅台,19.59,18427144
2024-01-17,600519,贵州茅台,19.73,16829938
2024-01-18,600519,贵州茅台,19.78,14338066
2024-01-19,600519,贵州茅台,19.46,16463228
2024-01-22,600519,贵州茅台,19.47,8510314
2024-01-23,600519,贵州茅台,19.72,7889027
2024-01-24,600519,贵州茅台,19.26,3504313
2024-01-25,600519,贵州茅台,19.12,14996851
2024-01-26,600519,贵州茅台,18.48,7659234
2024-01-29,600519,贵州茅台,18.06,17610920
2024-01-30,600519,贵州茅台,17.47,10387231
2024-01-31,600519,贵州茅台,17.41,18073059
2024-02-01,600519,贵州茅台,17.03,4487986
2024-02-02,600519,贵州茅台,17.12,4907221
2024-02-05,600519,贵州茅台,17.18,8244837
2024-02-06,600519,贵州茅台,17.14,2480642
2024-02-07,600519,贵州茅台,16.37,10853161
2024-02-08,600519,贵州茅台,16.22,13714533
2024-02-09,600519,贵州茅台,16.22,13909517
2024-02-12,600519,贵州茅台,16.27,5864172
2024-02-13,600519,贵州茅台,15.83,4956324
2024-02-14,600519,贵州茅台,15.7,12146775
2024-02-15,600519,贵州茅台,15.44,13394702
2024-02-16,600519,贵州茅台,15.23,19006481
2024-02-19,600519,贵州茅台,15.53,18124170
2024-02-20,600519,贵州茅台,15.31,8827753
2024-02-21,600519,贵州茅台,15.31,4910637
2024-02-22,600519,贵州茅台,15.57,6549941
2024-02-23,600519,贵州茅台,15.42,17867997
2024-02-26,600519,贵州茅台,15.4,10217180
2024-02-27,600519,贵州茅台,15.44,19871508
2024-02-28,600519,贵州茅台,15.46,13830390
2024-02-29,600519,贵州茅台,15.13,12712064
2024-03-01,600519,贵州茅台,15.17,3819781
2024-03-04,600519,贵州茅台,15.55,12633063
2024-03-05,600519,贵州茅台,15.13,8850525
2024-03-06,600519,贵州茅台,15.37,17186515
2024-03-07,600519,贵州茅台,15.41,4406981
2024-03-08,600519,贵州茅台,15.25,5455795
2024-03-11,600519,贵州茅台,15.81,13924031
2024-03-12,600519,贵州茅台,16.03,14246482
2024-03-13,600519,贵州茅台,15.7,16949945
2024-03-14,600519,贵州茅台,15.73,11443765
2024-03-15,600519,贵州茅台,15.91,8783368
2024-03-18,600519,贵州茅台,15.86,7507551
2024-03-19,600519,贵州茅台,16.07,8691031
2024-03-20,600519,贵州茅台,16.06,13932154
2024-03-21,600519,贵州茅台,16.27,11711389
2024-03-22,600519,贵州茅台,16.7,7327766
2024-03-25,600519,贵州茅台,16.51,5871040
2024-03-26,600519,贵州茅台,16.58,14793443
2024-03-27,600519,贵州茅台,16.45,6453372
2024-03-28,600519,贵州茅台,16.5,5760134
2024-03-29,600519,贵州茅台,16.16,7937341
2024-04-01,600519,贵州茅台,16.0,17365018
2024-04-02,600519,贵州茅台,15.96,10233662
2024-04-03,600519,贵州茅台,16.23,12704154
2024-04-04,600519,贵州茅台,16.57,3467566
2024-04-05,600519,贵州茅台,16.19,8201029
2024-04-08,600519,贵州茅台,15.97,15549178
2024-04-09,600519,贵州茅台,16.17,15911214
2024-04-10,600519,贵州茅台,15.6,12422982
2024-04-11,600519,贵州茅台,15.48,17773109
2024-04-12,600519,贵州茅台,15.46,7394489
2024-04-15,600519,贵州茅台,15.82,4960189
2024-04-16,600519,贵州茅台,16.03,3395838
2024-04-17,600519,贵州茅台,15.95,5591495
2024-04-18,600519,贵州茅台,15.85,15737257
2024-04-19,600519,贵州茅台,15.79,18271812
2024-04-22,600519,贵州茅台,16.24,4359421
2024-04-23,600519,贵州茅台,16.12,11033063
2024-04-24,600519,贵州茅台,16.05,4397719
2024-04-25,600519,贵州茅台,16.16,17204213
2024-04-26,600519,贵州茅台,16.13,4352316
2024-04-29,600519,贵州茅台,16.09,13530014
2024-04-30,600519,贵州茅台,15.78,3462721
2024-05-01,600519,贵州茅台,15.79,15287346
2024-05-02,600519,贵州茅台,15.67,18315062
2024-05-03,600519,贵州茅台,16.01,15169447
2024-05-06,600519,贵州茅台,16.21,6846397
2024-05-07,600519,贵州茅台,16.21,17153882
2024-05-08,600519,贵州茅台,16.42,7515390
2024-05-09,600519,贵州茅台,16.33,15567793
2024-05-10,600519,贵州茅台,16.65,16990297
2024-05-13,600519,贵州茅台,16.66,10736494
2024-05-14,600519,贵州茅台,16.85,13158622
2024-05-15,600519,贵州茅台,16.47,17391335
2024-05-16,600519,贵州茅台,16.58,5368580
2024-05-17,600519,贵州茅台,16.09,2353000
2024-05-20,600519,贵州茅台,15.51,9826641
2024-05-21,600519,贵州茅台,15.44,5264007
2024-05-22,600519,贵州茅台,15.2,17910604
2024-05-23,600519,贵州茅台,15.25,17601394
2024-05-24,600519,贵州茅台,15.88,8756732
2024-05-27,600519,贵州茅台,15.66,7558337
2024-05-28,600519,贵州茅台,15.49,14795867
2024-05-29,600519,贵州茅台,15.56,10159774
2024-05-30,600519,贵州茅台,15.71,3742538
2024-05-31,600519,贵州茅台,15.67,13925857
2024-06-03,600519,贵州茅台,15.62,15091845
2024-06-04,600519,贵州茅台,15.83,3261856
2024-06-05,600519,贵州茅台,15.99,15976523
2024-06-06,600519,贵州茅台,15.7,11608954
2024-06-07,600519,贵州茅台,15.69,16863802
2024-06-10,600519,贵州茅台,15.71,17300738
2024-06-11,600519,贵州茅台,15.43,14135617
2024-06-12,600519,贵州茅台,15.51,8001796
2024-06-13,600519,贵州茅台,15.28,8673190
2024-06-14,600519,贵州茅台,15.56,15034913
2024-06-17,600519,贵州茅台,15.62,3155815
2024-06-18,600519,贵州茅台,15.66,6158152
2024-06-19,600519,贵州茅台,15.5,11337972
2024-06-20,600519,贵州茅台,15.48,18970038
2024-06-21,600519,贵州茅台,14.93,15634278
2024-06-24,600519,贵州茅台,14.64,16680021
2024-06-25,600519,贵州茅台,14.75,5435087
2024-06-26,600519,贵州茅台,14.19,7046011
2024-06-27,600519,贵州茅台,14.42,6792270
2024-06-28,600519,贵州茅台,13.98,15491681
2024-07-01,600519,贵州茅台,14.18,11650160
2024-07-02,600519,贵州茅台,13.97,5800349
2024-07-03,600519,贵州茅台,14.18,15469968
2024-07-04,600519,贵州茅台,14.22,13488200
2024-07-05,600519,贵州茅台,13.84,18138561
2024-07-08,600519,贵州茅台,14.16,12056010
2024-07-09,600519,贵州茅台,14.53,4263347
2024-07-10,600519,贵州茅台,14.53,17994103
2024-07-11,600519,贵州茅台,14.46,5316863
2024-07-12,600519,贵州茅台,14.43,2989309
2024-07-15,600519,贵州茅台,14.19,16391665
2024-07-16,600519,贵州茅台,14.48,10111967
2024-07-17,600519,贵州茅台,14.35,13601389
2024-07-18,600519,贵州茅台,14.35,4334062
2024-07-19,600519,贵州茅台,14.15,14977510
2024-07-22,600519,贵州茅台,14.0,9295600
2024-07-23,600519,贵州茅台,13.69,19941880
2024-07-24,600519,贵州茅台,14.01,13447379
2024-07-25,600519,贵州茅台,13.98,18905239
2024-07-26,600519,贵州茅台,14.23,16270882
2024-07-29,600519,贵州茅台,14.25,17174451
2024-07-30,600519,贵州茅台,14.08,3583959
2024-07-31,600519,贵州茅台,14.01,15988084
2024-08-01,600519,贵州茅台,13.87,12858182
2024-08-02,600519,贵州茅台,13.89,9110345
2024-08-05,600519,贵州茅台,13.8,13542123
2024-08-06,600519,贵州茅台,13.74,5559790
2024-08-07,600519,贵州茅台,13.41,5320021
2024-08-08,600519,贵州茅台,13.22,17733239
2024-08-09,600519,贵州茅台,13.62,15670900
2024-08-12,600519,贵州茅台,13.47,12637769
2024-08-13,600519,贵州茅台,13.22,15638431
2024-08-14,600519,贵州茅台,13.31,7804135
2024-08-15,600519,贵州茅台,13.66,14983313
2024-08-16,600519,贵州茅台,13.31,5702980
2024-08-19,600519,贵州茅台,13.27,10006382
2024-08-20,600519,贵州茅台,13.13,4647872
2024-08-21,600519,贵州茅台,12.72,8807245
2024-08-22,600519,贵州茅台,12.9,8125868
2024-08-23,600519,贵州茅台,12.9,9555876
2024-08-26,600519,贵州茅台,12.93,10576264
2024-08-27,600519,贵州茅台,12.76,2600106
2024-08-28,600519,贵州茅台,12.87,8160959
2024-08-29,600519,贵州茅台,12.76,17197762
2024-08-30,600519,贵州茅台,12.73,9798819
2024-09-02,600519,贵州茅台,12.49,11762657
2024-09-03,600519,贵州茅台,12.22,3851593
2024-09-04,600519,贵州茅台,12.53,8975335
2024-09-05,600519,贵州茅台,12.42,19456392
2024-09-06,600519,贵州茅台,12.5,11864517
2024-09-09,600519,贵州茅台,12.5,2364374
2024-09-10,600519,贵州茅台,12.41,14989523
2024-09-11,600519,贵州茅台,12.3,15857067
2024-09-12,600519,贵州茅台,12.45,8866295
2024-09-13,600519,贵州茅台,12.39,2574593
2024-09-16,600519,贵州茅台,12.37,16951532
2024-09-17,600519,贵州茅台,12.38,6542485
2024-09-18,600519,贵州茅台,12.65,18550340
2024-09-19,600519,贵州茅台,12.81,8540602
2024-09-20,600519,贵州茅台,12.91,8973781
2024-09-23,600519,贵州茅台,12.79,16281964
2024-09-24,600519,贵州茅台,12.48,4480690
2024-09-25,600519,贵州茅台,12.7,2532094
2024-09-26,600519,贵州茅台,12.93,15686719
2024-09-27,600519,贵州茅台,12.91,18664160
2024-09-30,600519,贵州茅台,13.04,19873079
2024-10-01,600519,贵州茅台,13.24,4315715
2024-10-02,600519,贵州茅台,13.44,4663786
2024-10-03,600519,贵州茅台,13.68,8096271
2024-10-04,600519,贵州茅台,13.57,14828162
2024-10-07,600519,贵州茅台,13.95,18419411
2024-10-08,600519,贵州茅台,13.65,16855821
2024-10-09,600519,贵州茅台,13.87,8740678
2024-10-10,600519,贵州茅台,14.0,18570295
2024-10-11,600519,贵州茅台,14.23,6615371
2024-10-14,600519,贵州茅台,14.72,4220865
2024-10-15,600519,贵州茅台,15.13,9825741
2024-10-16,600519,贵州茅台,14.83,3652578
2024-10-17,600519,贵州茅台,14.39,14215688
2024-10-18,600519,贵州茅台,14.61,19781688
2024-10-21,600519,贵州茅台,14.35,3930202
2024-10-22,600519,贵州茅台,14.36,4101616
2024-10-23,600519,贵州茅台,14.59,5213986
2024-10-24,600519,贵州茅台,14.16,5182536
2024-10-25,600519,贵州茅台,13.64,11628005
2024-10-28,600519,贵州茅台,13.71,12349152
2024-10-29,600519,贵州茅台,13.73,19110841
2024-10-30,600519,贵州茅台,13.68,10032914
2024-10-31,600519,贵州茅台,13.7,18682716
2024-11-01,600519,贵州茅台,13.5,15507059
2024-11-04,600519,贵州茅台,13.14,17387362
2024-01-02,600887,伊利股份,92.11,18704613
2024-01-03,600887,伊利股份,89.42,13826231
2024-01-04,600887,伊利股份,89.37,11781191
2024-01-05,600887,伊利股份,87.08,2021109
2024-01-08,600887,伊利股份,87.64,7147887
2024-01-09,600887,伊利股份,88.31,17658507
2024-01-10,600887,伊利股份,88.36,13946330
2024-01-11,600887,伊利股份,91.7,4902747
2024-01-12,600887,伊利股份,92.66,2899709
2024-01-15,600887,伊利股份,93.74,5248883
2024-01-16,600887,伊利股份,94.08,5518513
2024-01-17,600887,伊利股份,93.84,11176578
2024-01-18,600887,伊利股份,95.56,6774475
2024-01-19,600887,伊利股份,97.55,12563583
2024-01-22,600887,伊利股份,95.36,15185822
2024-01-23,600887,伊利股份,97.26,15600328
2024-01-24,600887,伊利股份,98.26,15997144
2024-01-25,600887,伊利股份,100.05,7272633
2024-01-26,600887,伊利股份,100.99,18821472
2024-01-29,600887,伊利股份,98.82,19013187
2024-01-30,600887,伊利股份,96.83,3432161
2024-01-31,600887,伊利股份,100.11,13308245
2024-02-01,600887,伊利股份,100.66,9517516
2024-02-02,600887,伊利股份,98.19,17194545
2024-02-05,600887,伊利股份,98.9,14173416
2024-02-06,600887,伊利股份,98.35,10586286
2024-02-07,600887,伊利股份,95.18,8372349
2024-02-08,600887,伊利股份,91.35,3280642
2024-02-09,600887,伊利股份,88.8,8335464
2024-02-12,600887,伊利股份,89.32,2217982
2024-02-13,600887,伊利股份,89.33,13524586
2024-02-14,600887,伊利股份,89.02,11759185
2024-02-15,600887,伊利股份,89.56,9670463
2024-02-16,600887,伊利股份,90.62,13647046
2024-02-19,600887,伊利股份,87.28,9928586
2024-02-20,600887,伊利股份,86.89,18402823
2024-02-21,600887,伊利股份,85.68,7867790
2024-02-22,600887,伊利股份,83.86,9974083
2024-02-23,600887,伊利股份,83.11,5209335
2024-02-26,600887,伊利股份,83.01,14830330
2024-02-27,600887,伊利股份,82.69,10526208
2024-02-28,600887,伊利股份,80.61,7033104
2024-02-29,600887,伊利股份,79.99,6586314
2024-03-01,600887,伊利股份,82.97,17358800
2024-03-04,600887,伊利股份,81.47,18069555
2024-03-05,600887,伊利股份,79.08,5701780
2024-03-06,600887,伊利股份,79.55,5217309
2024-03-07,600887,伊利股份,80.48,12466633
2024-03-08,600887,伊利股份,81.23,19418195
2024-03-11,600887,伊利股份,79.67,12722345
2024-03-12,600887,伊利股份,81.18,17485100
2024-03-13,600887,伊利股份,80.11,15791421
2024-03-14,600887,伊利股份,78.55,8905414
2024-03-15,600887,伊利股份,77.77,7113883
2024-03-18,600887,伊利股份,77.69,15911424
2024-03-19,600887,伊利股份,78.76,12295709
2024-03-20,600887,伊利股份,79.72,12452809
2024-03-21,600887,伊利股份,79.77,2858086
2024-03-22,600887,伊利股份,81.19,10386770
2024-03-25,600887,伊利股份,81.38,15924816
2024-03-26,600887,伊利股份,82.77,16615864
2024-03-27,600887,伊利股份,80.76,11728962
2024-03-28,600887,伊利股份,78.55,16954248
2024-03-29,600887,伊利股份,79.73,16486993
2024-04-01,600887,伊利股份,77.81,5627119
2024-04-02,600887,伊利股份,77.46,14917991
2024-04-03,600887,伊利股份,77.4,18308189
2024-04-04,600887,伊利股份,76.8,10603898
2024-04-05,600887,伊利股份,76.24,2577491
2024-04-08,600887,伊利股份,78.23,19650994
2024-04-09,600887,伊利股份,74.74,2099416
2024-04-10,600887,伊利股份,76.0,3576601
2024-04-11,600887,伊利股份,79.22,10706185
2024-04-12,600887,伊利股份,79.33,7913333
2024-04-15,600887,伊利股份,79.38,7424009
2024-04-16,600887,伊利股份,80.49,18840511
2024-04-17,600887,伊利股份,83.22,9608052
2024-04-18,600887,伊利股份,81.52,3389738
2024-04-19,600887,伊利股份,81.73,10622184
2024-04-22,600887,伊利股份,81.53,6844069
2024-04-23,600887,伊利股份,82.43,10429939
2024-04-24,600887,伊利股份,82.75,17035852
2024-04-25,600887,伊利股份,83.81,18341156
2024-04-26,600887,伊利股份,83.26,14813054
2024-04-29,600887,伊利股份,83.41,18527576
2024-04-30,600887,伊利股份,82.49,6014913
2024-05-01,600887,伊利股份,81.58,8231670
2024-05-02,600887,伊利股份,81.45,16225242
2024-05-03,600887,伊利股份,81.32,7176993
2024-05-06,600887,伊利股份,79.69,12353877
2024-05-07,600887,伊利股份,82.02,13771970
2024-05-08,600887,伊利股份,81.9,7606951
2024-05-09,600887,伊利股份,79.94,5571537
2024-05-10,600887,伊利股份,81.6,2006767
2024-05-13,600887,伊利股份,80.58,9208623
2024-05-14,600887,伊利股份,81.39,9394658
2024-05-15,600887,伊利股份,81.45,14923222
2024-05-16,600887,伊利股份,81.89,15113960
2024-05-17,600887,伊利股份,82.22,2102416
2024-05-20,600887,伊利股份,81.45,10657662
2024-05-21,600887,伊利股份,81.59,15892869
2024-05-22,600887,伊利股份,84.66,19425386
2024-05-23,600887,伊利股份,81.33,15209128
2024-05-24,600887,伊利股份,81.51,7230798
2024-05-27,600887,伊利股份,82.22,8970736
2024-05-28,600887,伊利股份,80.75,8672131
2024-05-29,600887,伊利股份,78.83,6461098
2024-05-30,600887,伊利股份,81.97,2096335
2024-05-31,600887,伊利股份,81.5,11720754
2024-06-03,600887,伊利股份,84.63,6869029
2024-06-04,600887,伊利股份,85.53,7321547
2024-06-05,600887,伊利股份,85.73,8612885
2024-06-06,600887,伊利股份,86.55,16779542
2024-06-07,600887,伊利股份,87.62,15059785
2024-06-10,600887,伊利股份,89.57,12630984
2024-06-11,600887,伊利股份,90.36,15144634
2024-06-12,600887,伊利股份,90.68,7521158
2024-06-13,600887,伊利股份,91.05,8883651
2024-06-14,600887,伊利股份,93.36,16538267
2024-06-17,600887,伊利股份,94.82,13229202
2024-06-18,600887,伊利股份,93.2,12936590
2024-06-19,600887,伊利股份,92.23,5636593
2024-06-20,600887,伊利股份,92.87,4375321
2024-06-21,600887,伊利股份,91.92,6030066
2024-06-24,600887,伊利股份,91.38,9452090
2024-06-25,600887,伊利股份,89.9,6809589
2024-06-26,600887,伊利股份,89.56,10815211
2024-06-27,600887,伊利股份,90.33,6854333
2024-06-28,600887,伊利股份,92.04,19005362
2024-07-01,600887,伊利股份,92.14,19441519
2024-07-02,600887,伊利股份,95.67,7771978
2024-07-03,600887,伊利股份,95.63,15401212
2024-07-04,600887,伊利股份,101.22,10073314
2024-07-05,600887,伊利股份,103.15,16355334
2024-07-08,600887,伊利股份,104.17,19582298
2024-07-09,600887,伊利股份,103.33,16905953
2024-07-10,600887,伊利股份,98.18,9670774
2024-07-11,600887,伊利股份,98.0,10912816
2024-07-12,600887,伊利股份,98.41,16887946
2024-07-15,600887,伊利股份,101.91,8669617
2024-07-16,600887,伊利股份,99.48,3745377
2024-07-17,600887,伊利股份,102.99,8832494
2024-07-18,600887,伊利股份,102.62,9088676
2024-07-19,600887,伊利股份,104.06,3497668
2024-07-22,600887,伊利股份,99.4,5308486
2024-07-23,600887,伊利股份,99.75,9148226
2024-07-24,600887,伊利股份,99.23,17911749
2024-07-25,600887,伊利股份,100.54,9308835
2024-07-26,600887,伊利股份,100.81,11947109
2024-07-29,600887,伊利股份,98.83,7421887
2024-07-30,600887,伊利股份,100.61,5933821
2024-07-31,600887,伊利股份,101.97,5101809
2024-08-01,600887,伊利股份,103.16,3659185
2024-08-02,600887,伊利股份,105.14,3279273
2024-08-05,600887,伊利股份,107.32,9576332
2024-08-06,600887,伊利股份,107.38,12220916
2024-08-07,600887,伊利股份,104.86,3735279
2024-08-08,600887,伊利股份,102.35,18221195
2024-08-09,600887,伊利股份,104.94,10734408
2024-08-12,600887,伊利股份,106.38,17766377
2024-08-13,600887,伊利股份,106.68,15118179
2024-08-14,600887,伊利股份,105.95,9523807
2024-08-15,600887,伊利股份,106.11,7586954
2024-08-16,600887,伊利股份,106.26,6891101
2024-08-19,600887,伊利股份,105.72,5014670
2024-08-20,600887,伊利股份,104.49,11033865
2024-08-21,600887,伊利股份,108.66,8507458
2024-08-22,600887,伊利股份,109.22,10899241
2024-08-23,600887,伊利股份,108.13,4990853
2024-08-26,600887,伊利股份,105.7,14257125
2024-08-27,600887,伊利股份,104.42,17189104
2024-08-28,600887,伊利股份,105.88,12047282
2024-08-29,600887,伊利股份,107.43,3730241
2024-08-30,600887,伊利股份,107.11,4813735
2024-09-02,600887,伊利股份,107.31,15336962
2024-09-03,600887,伊利股份,106.83,7606080
2024-09-04,600887,伊利股份,104.8,8009105
2024-09-05,600887,伊利股份,107.36,19327865
2024-09-06,600887,伊利股份,108.18,15110772
2024-09-09,600887,伊利股份,113.11,9852154
2024-09-10,600887,伊利股份,111.68,15877280
2024-09-11,600887,伊利股份,111.51,7010622
2024-09-12,600887,伊利股份,113.39,4430998
2024-09-13,600887,伊利股份,113.0,10432821
2024-09-16,600887,伊利股份,110.29,15617122
2024-09-17,600887,伊利股份,108.51,7065106
2024-09-18,600887,伊利股份,108.81,19021172
2024-09-19,600887,伊利股份,109.59,7486090
2024-09-20,600887,伊利股份,109.51,12206947
2024-09-23,600887,伊利股份,111.6,5344804
2024-09-24,600887,伊利股份,113.7,13608814
2024-09-25,600887,伊利股份,114.47,5364156
2024-09-26,600887,伊利股份,114.64,7806545
2024-09-27,600887,伊利股份,114.22,3115965
2024-09-30,600887,伊利股份,115.47,5140677
2024-10-01,600887,伊利股份,117.49,4132421
2024-10-02,600887,伊利股份,117.73,15398959
2024-10-03,600887,伊利股份,118.8,15024596
2024-10-04,600887,伊利股份,118.22,16768385
2024-10-07,600887,伊利股份,115.33,7620038
2024-10-08,600887,伊利股份,113.37,5710563
2024-10-09,600887,伊利股份,115.04,5567006
2024-10-10,600887,伊利股份,116.08,4041924
2024-10-11,600887,伊利股份,119.51,3569506
2024-10-14,600887,伊利股份,119.75,8341025
2024-10-15,600887,伊利股份,121.73,4470306
2024-10-16,600887,伊利股份,124.75,13269504
2024-10-17,600887,伊利股份,127.1,12549338
2024-10-18,600887,伊利股份,125.83,8571188
2024-10-21,600887,伊利股份,125.54,4113357
2024-10-22,600887,伊利股份,125.95,19352222
2024-10-23,600887,伊利股份,123.84,5981246
2024-10-24,600887,伊利股份,125.02,16246549
2024-10-25,600887,伊利股份,127.44,18313106
2024-10-28,600887,伊利股份,126.46,18491434
2024-10-29,600887,伊利股份,131.07,12785828
2024-10-30,600887,伊利股份,130.52,12793559
2024-10-31,600887,伊利股份,130.17,16761764
2024-11-01,600887,伊利股份,129.73,15603587
2024-11-04,600887,伊利股份,128.21,14018502
2024-01-02,601318,中国平安,51.99,19743216
2024-01-03,601318,中国平安,52.75,13823760
2024-01-04,601318,中国平安,51.29,6369037
2024-01-05,601318,中国平安,52.35,17446799
2024-01-08,601318,中国平安,51.83,19851033
2024-01-09,601318,中国平安,52.45,16370514
2024-01-10,601318,中国平安,52.67,13248061
2024-01-11,601318,中国平安,50.26,17525018
2024-01-12,601318,中国平安,49.61,16504536
2024-01-15,601318,中国平安,49.85,10804420
2024-01-16,601318,中国平安,51.29,15650751
2024-01-17,601318,中国平安,51.59,17161271
2024-01-18,601318,中国平安,51.88,2595310
2024-01-19,601318,中国平安,50.6,10300809
2024-01-22,601318,中国平安,51.94,18848129
2024-01-23,601318,中国平安,53.68,6748719
2024-01-24,601318,中国平安,53.75,13061829
2024-01-25,601318,中国平安,53.58,10657397
2024-01-26,601318,中国平安,52.06,12556215
2024-01-29,601318,中国平安,52.93,8037093
2024-01-30,601318,中国平安,55.55,13469596
2024-01-31,601318,中国平安,56.31,15808642
2024-02-01,601318,中国平安,57.64,15286782
2024-02-02,601318,中国平安,58.25,16970759
2024-02-05,601318,中国平安,57.27,6550699
2024-02-06,601318,中国平安,58.69,4541011
2024-02-07,601318,中国平安,57.43,11755101
2024-02-08,601318,中国平安,57.26,4959682
2024-02-09,601318,中国平安,57.6,13301166
2024-02-12,601318,中国平安,58.56,8905903
2024-02-13,601318,中国平安,59.05,14933930
2024-02-14,601318,中国平安,59.51,10339154
2024-02-15,601318,中国平安,58.74,12117394
2024-02-16,601318,中国平安,57.42,19213787
2024-02-19,601318,中国平安,57.54,13309353
2024-02-20,601318,中国平安,56.85,18950457
2024-02-21,601318,中国平安,55.56,6370361
2024-02-22,601318,中国平安,54.34,19406730
2024-02-23,601318,中国平安,53.9,5867410
2024-02-26,601318,中国平安,52.15,15135597
2024-02-27,601318,中国平安,50.93,2828157
2024-02-28,601318,中国平安,49.47,14190088
2024-02-29,601318,中国平安,49.67,17853532
2024-03-01,601318,中国平安,50.08,6867040
2024-03-04,601318,中国平安,51.93,4829271
2024-03-05,601318,中国平安,50.57,8707783
2024-03-06,601318,中国平安,49.99,3201604
2024-03-07,601318,中国平安,50.85,2048299
2024-03-08,601318,中国平安,50.7,9693613
2024-03-11,601318,中国平安,50.44,16993194
2024-03-12,601318,中国平安,52.03,9258362
2024-03-13,601318,中国平安,51.76,6969531
2024-03-14,601318,中国平安,50.73,6043643
2024-03-15,601318,中国平安,49.56,3427059
2024-03-18,601318,中国平安,49.9,9098182
2024-03-19,601318,中国平安,50.22,7680640
2024-03-20,601318,中国平安,49.02,10083529
2024-03-21,601318,中国平安,48.19,7817059
2024-03-22,601318,中国平安,48.69,12633367
2024-03-25,601318,中国平安,49.24,15031741
2024-03-26,601318,中国平安,48.71,2215253
2024-03-27,601318,中国平安,49.3,2102720
2024-03-28,601318,中国平安,49.84,6981766
2024-03-29,601318,中国平安,48.29,6140243
2024-04-01,601318,中国平安,48.05,3591499
2024-04-02,601318,中国平安,48.45,18136446
2024-04-03,601318,中国平安,47.99,3587937
2024-04-04,601318,中国平安,46.18,17387770
2024-04-05,601318,中国平安,45.99,3185143
2024-04-08,601318,中国平安,46.65,13322563
2024-04-09,601318,中国平安,48.01,8876719
2024-04-10,601318,中国平安,46.16,12061098
2024-04-11,601318,中国平安,48.37,11392647
2024-04-12,601318,中国平安,47.43,6007115
2024-04-15,601318,中国平安,48.28,3830442
2024-04-16,601318,中国平安,49.39,17751754
2024-04-17,601318,中国平安,50.31,15126121
2024-04-18,601318,中国平安,50.48,15692986
2024-04-19,601318,中国平安,49.47,13123034
2024-04-22,601318,中国平安,50.07,11232787
2024-04-23,601318,中国平安,49.47,17316724
2024-04-24,601318,中国平安,47.26,4898329
2024-04-25,601318,中国平安,49.71,12919936
2024-04-26,601318,中国平安,50.38,5885105
2024-04-29,601318,中国平安,52.07,13724115
2024-04-30,601318,中国平安,51.26,8827283
2024-05-01,601318,中国平安,52.65,9688445
2024-05-02,601318,中国平安,54.2,7960243
2024-05-03,601318,中国平安,55.76,12734513
2024-05-06,601318,中国平安,55.79,3099008
2024-05-07,601318,中国平安,54.63,15891507
2024-05-08,601318,中国平安,54.5,9314774
2024-05-09,601318,中国平安,52.38,19654315
2024-05-10,601318,中国平安,50.82,10076910
2024-05-13,601318,中国平安,50.95,4207787
2024-05-14,601318,中国平安,50.08,7167437
2024-05-15,601318,中国平安,49.97,10276034
2024-05-16,601318,中国平安,49.91,8917452
2024-05-17,601318,中国平安,51.69,6764419
2024-05-20,601318,中国平安,52.94,7982798
2024-05-21,601318,中国平安,52.94,15190559
2024-05-22,601318,中国平安,54.14,8783041
2024-05-23,601318,中国平安,53.42,4797326
2024-05-24,601318,中国平安,53.14,13142557
2024-05-27,601318,中国平安,54.05,15309448
2024-05-28,601318,中国平安,52.89,10951952
2024-05-29,601318,中国平安,52.67,15039231
2024-05-30,601318,中国平安,51.46,5556609
2024-05-31,601318,中国平安,51.61,4607306
2024-06-03,601318,中国平安,53.17,16314673
2024-06-04,601318,中国平安,52.49,16204104
2024-06-05,601318,中国平安,52.75,11237357
2024-06-06,601318,中国平安,51.94,10739156
2024-06-07,601318,中国平安,50.91,10250565
2024-06-10,601318,中国平安,49.82,5966137
2024-06-11,601318,中国平安,51.16,14840169
2024-06-12,601318,中国平安,53.38,8870193
2024-06-13,601318,中国平安,53.89,15538483
2024-06-14,601318,中国平安,53.24,9954995
2024-06-17,601318,中国平安,53.96,17248352
2024-06-18,601318,中国平安,53.68,16602439
2024-06-19,601318,中国平安,54.5,6837809
2024-06-20,601318,中国平安,54.83,14042274
2024-06-21,601318,中国平安,55.15,15562042
2024-06-24,601318,中国平安,55.79,14980328
2024-06-25,601318,中国平安,55.26,17828449
2024-06-26,601318,中国平安,54.9,4828283
2024-06-27,601318,中国平安,53.25,13820462
2024-06-28,601318,中国平安,52.87,14586557
2024-07-01,601318,中国平安,51.56,8432854
2024-07-02,601318,中国平安,51.46,6580240
2024-07-03,601318,中国平安,50.62,12177564
2024-07-04,601318,中国平安,50.75,6641043
2024-07-05,601318,中国平安,51.21,12586680
2024-07-08,601318,中国平安,49.94,4162371
2024-07-09,601318,中国平安,49.25,9115957
2024-07-10,601318,中国平安,48.45,9144362
2024-07-11,601318,中国平安,49.15,15200126
2024-07-12,601318,中国平安,50.7,2357798
2024-07-15,601318,中国平安,51.51,8540684
2024-07-16,601318,中国平安,51.23,13825631
2024-07-17,601318,中国平安,52.63,10944529
2024-07-18,601318,中国平安,51.23,15465848
2024-07-19,601318,中国平安,52.66,17643621
2024-07-22,601318,中国平安,52.08,15959891
2024-07-23,601318,中国平安,49.52,8017473
2024-07-24,601318,中国平安,51.92,4319515
2024-07-25,601318,中国平安,53.44,3570467
2024-07-26,601318,中国平安,52.49,13539559
2024-07-29,601318,中国平安,52.69,4269008
2024-07-30,601318,中国平安,52.53,17089278
2024-07-31,601318,中国平安,52.67,12421354
2024-08-01,601318,中国平安,51.31,2647453
2024-08-02,601318,中国平安,50.72,16247344
2024-08-05,601318,中国平安,51.19,5480637
2024-08-06,601318,中国平安,51.44,19864494
2024-08-07,601318,中国平安,52.59,6819964
2024-08-08,601318,中国平安,52.71,11901943
2024-08-09,601318,中国平安,54.98,10315722
2024-08-12,601318,中国平安,54.32,8335581
2024-08-13,601318,中国平安,54.61,5098973
2024-08-14,601318,中国平安,52.77,3102754
2024-08-15,601318,中国平安,51.63,11699694
2024-08-16,601318,中国平安,52.9,19698410
2024-08-19,601318,中国平安,52.05,8191131
2024-08-20,601318,中国平安,52.59,7402680
2024-08-21,601318,中国平安,52.57,13791988
2024-08-22,601318,中国平安,51.63,11563841
2024-08-23,601318,中国平安,51.35,19432127
2024-08-26,601318,中国平安,50.91,14353363
2024-08-27,601318,中国平安,50.51,16351065
2024-08-28,601318,中国平安,51.24,6434138
2024-08-29,601318,中国平安,51.88,11931971
2024-08-30,601318,中国平安,51.38,14727238
2024-09-02,601318,中国平安,50.59,8518043
2024-09-03,601318,中国平安,50.89,15223456
2024-09-04,601318,中国平安,50.84,8963741
2024-09-05,601318,中国平安,51.82,14995415
2024-09-06,601318,中国平安,54.34,10178059
2024-09-09,601318,中国平安,55.21,3232101
2024-09-10,601318,中国平安,55.22,3746587
2024-09-11,601318,中国平安,55.09,19030706
2024-09-12,601318,中国平安,54.29,13462958
2024-09-13,601318,中国平安,53.45,12383549
2024-09-16,601318,中国平安,52.52,15873010
2024-09-17,601318,中国平安,52.19,6901743
2024-09-18,601318,中国平安,51.83,8580625
2024-09-19,601318,中国平安,52.57,9814457
2024-09-20,601318,中国平安,52.24,13840487
2024-09-23,601318,中国平安,52.09,11316827
2024-09-24,601318,中国平安,50.99,6899178
2024-09-25,601318,中国平安,52.55,11319854
2024-09-26,601318,中国平安,53.07,8732274
2024-09-27,601318,中国平安,54.82,6463252
2024-09-30,601318,中国平安,55.65,5452687
2024-10-01,601318,中国平安,57.19,6769357
2024-10-02,601318,中国平安,56.98,11697990
2024-10-03,601318,中国平安,57.76,8544582
2024-10-04,601318,中国平安,60.62,9610841
2024-10-07,601318,中国平安,59.34,16056646
2024-10-08,601318,中国平安,60.64,14506515
2024-10-09,601318,中国平安,62.55,9873992
2024-10-10,601318,中国平安,63.07,12350126
2024-10-11,601318,中国平安,63.99,2695363
2024-10-14,601318,中国平安,65.52,9360699
2024-10-15,601318,中国平安,64.78,10139777
2024-10-16,601318,中国平安,65.32,7348178
2024-10-17,601318,中国平安,64.33,5624526
2024-10-18,601318,中国平安,63.58,15329601
2024-10-21,601318,中国平安,62.91,2223423
2024-10-22,601318,中国平安,62.8,19583637
2024-10-23,601318,中国平安,63.02,19586540
2024-10-24,601318,中国平安,63.6,13250235
2024-10-25,601318,中国平安,61.99,7286968
2024-10-28,601318,中国平安,64.3,7289637
2024-10-29,601318,中国平安,65.72,11674937
2024-10-30,601318,中国平安,66.66,14043721
2024-10-31,601318,中国平安,66.27,8447595
2024-11-01,601318,中国平安,66.22,9926465
2024-11-04,601318,中国平安,66.94,2961321
